encoder,policy,scene_name,scenario,n,steer_rmse,accel_rmse
vit_s16,original,scene-0003,urban,40,0.05577505598467247,0.07320121359879792
vit_s16,original,scene-0013,urban,40,0.04840191622088552,0.04848908188321797
vit_s16,original,scene-0017,intersection,40,0.05970963822078492,0.07696517279470955
vit_s16,original,scene-0092,urban,40,0.05438928312746832,0.03647229399493126
vit_s16,original,scene-0096,intersection,39,0.04503301526381182,0.07460288660869875
vit_s16,original,scene-0098,urban,39,0.02228514548956296,0.035938517765377986
vit_s16,original,scene-0103,urban,40,0.04310946879136442,0.12754800944122532
vit_s16,original,scene-0106,intersection,40,0.043912928591946364,0.055901189100876054
vit_s16,original,scene-0107,intersection,40,0.028624125607856408,0.059937924350831555
vit_s16,original,scene-0110,urban,40,0.03387223435002187,0.027476280716613646
vit_s16,original,scene-0269,urban,40,0.1777153837204102,0.04878564112714914
vit_s16,original,scene-0271,urban,39,0.13007837122955188,0.10032359001159602
vit_s16,original,scene-0273,urban,39,0.05145470401391838,0.0833857974044441
vit_s16,original,scene-0276,intersection,40,0.10985022445114,0.1007087244914103
vit_s16,original,scene-0346,intersection,40,0.07948127834661338,0.07493812734102161
vit_s16,original,scene-0521,intersection,40,0.030581011536718838,0.05923804497333124
vit_s16,original,scene-0556,intersection,40,0.3295590959830655,0.07243235612470897
vit_s16,original,scene-0561,intersection,40,0.1992677565247991,0.04126120489438454
vit_s16,original,scene-0635,urban,40,0.0414059326460254,0.03041275450998573
vit_s16,original,scene-0638,intersection,41,0.23650967363731906,0.05693171431993186
vit_s16,original,scene-0770,urban,40,0.07340072282499217,0.05121171508492473
vit_s16,original,scene-0771,urban,41,0.05920998196678452,0.051277736250451
vit_s16,original,scene-0777,urban,40,0.05905151280931816,0.05366786374554279
vit_s16,original,scene-0796,intersection,40,0.02366660649744672,0.054926767986437135
vit_s16,original,scene-0904,intersection,41,0.07429416765006794,0.06716797257821547
vit_s16,original,scene-0905,intersection,40,0.050696831618849504,0.04530765848299801
vit_s16,original,scene-0906,intersection,41,0.08182917123585579,0.05959023587153013
vit_s16,original,scene-0913,urban,40,0.03638756859656606,0.046301893067235214
vit_s16,original,scene-0914,intersection,41,0.15082680698162507,0.07449369275832937
vit_s16,original,scene-0919,urban,39,0.29088385496123853,0.0830992529806974
vit_s16,left,scene-0003,urban,40,0.07879601700316874,0.08017572528642562
vit_s16,left,scene-0013,urban,40,0.050408579721986924,0.05746151382509184
vit_s16,left,scene-0017,intersection,40,0.06824946213496719,0.06501272048263855
vit_s16,left,scene-0092,urban,40,0.06585101088493557,0.0441349644361843
vit_s16,left,scene-0096,intersection,39,0.06862686801032625,0.08573301059122226
vit_s16,left,scene-0098,urban,39,0.02860060082920105,0.04755705996253322
vit_s16,left,scene-0103,urban,40,0.06298069413433986,0.11069095139426799
vit_s16,left,scene-0106,intersection,40,0.06108339556141238,0.05775331695765849
vit_s16,left,scene-0107,intersection,40,0.03806821320737901,0.06282576440576872
vit_s16,left,scene-0110,urban,40,0.057424886617448295,0.05074105428290045
vit_s16,left,scene-0269,urban,40,0.18936065280718353,0.06667831815115378
vit_s16,left,scene-0271,urban,39,0.13968831454950464,0.1047320754226444
vit_s16,left,scene-0273,urban,39,0.052197497252773416,0.07219749059063557
vit_s16,left,scene-0276,intersection,40,0.10893420767416687,0.10392068110959464
vit_s16,left,scene-0346,intersection,40,0.07612608531406469,0.08335147181315461
vit_s16,left,scene-0521,intersection,40,0.056062690448135354,0.06411084198061469
vit_s16,left,scene-0556,intersection,40,0.33851798197580596,0.06999294072066144
vit_s16,left,scene-0561,intersection,40,0.20253202806944826,0.05245929461463002
vit_s16,left,scene-0635,urban,40,0.03932603569158008,0.07107293114128989
vit_s16,left,scene-0638,intersection,41,0.2587352933477339,0.07730752790602421
vit_s16,left,scene-0770,urban,40,0.06660096926362824,0.031068933043077496
vit_s16,left,scene-0771,urban,41,0.07861951151332566,0.026092816166112837
vit_s16,left,scene-0777,urban,40,0.06220997973694338,0.020557535588329817
vit_s16,left,scene-0796,intersection,40,0.04264282465796309,0.054472417318409225
vit_s16,left,scene-0904,intersection,41,0.05412908275000173,0.10352150865361162
vit_s16,left,scene-0905,intersection,40,0.09289464524419794,0.09438190512438091
vit_s16,left,scene-0906,intersection,41,0.09886193926926773,0.06277494686054907
vit_s16,left,scene-0913,urban,40,0.06573456656921482,0.07710813898942023
vit_s16,left,scene-0914,intersection,41,0.1767035483053971,0.07582801662633827
vit_s16,left,scene-0919,urban,39,0.29827288750348135,0.0860392971032675
vit_s16,right,scene-0003,urban,40,0.07614723300949013,0.0748039819217981
vit_s16,right,scene-0013,urban,40,0.05903951913928618,0.07873424575911014
vit_s16,right,scene-0017,intersection,40,0.0911504114935331,0.09019637664672642
vit_s16,right,scene-0092,urban,40,0.06388419014696654,0.05329122617686177
vit_s16,right,scene-0096,intersection,39,0.05830645084650032,0.0937578738346197
vit_s16,right,scene-0098,urban,39,0.03316976287608677,0.04948396244781965
vit_s16,right,scene-0103,urban,40,0.07130778445682469,0.12538298597706687
vit_s16,right,scene-0106,intersection,40,0.05681057385328124,0.05300033027422673
vit_s16,right,scene-0107,intersection,40,0.046672535527865266,0.054407396346553664
vit_s16,right,scene-0110,urban,40,0.05985857323049473,0.04623834389011532
vit_s16,right,scene-0269,urban,40,0.18987639758325842,0.06878110755404353
vit_s16,right,scene-0271,urban,39,0.11279979690411863,0.10410129895935587
vit_s16,right,scene-0273,urban,39,0.06650181106523557,0.08079941920480255
vit_s16,right,scene-0276,intersection,40,0.09965686604408498,0.09981946126962431
vit_s16,right,scene-0346,intersection,40,0.09595952504928817,0.08311548142183732
vit_s16,right,scene-0521,intersection,40,0.06053052235915181,0.06211485099778268
vit_s16,right,scene-0556,intersection,40,0.3320941439674963,0.06574012500669506
vit_s16,right,scene-0561,intersection,40,0.22049749079898404,0.05054577653966975
vit_s16,right,scene-0635,urban,40,0.1483251416757243,0.08358668521567977
vit_s16,right,scene-0638,intersection,41,0.2738417454434962,0.09449828195465984
vit_s16,right,scene-0770,urban,40,0.060630204103635725,0.035915452064783956
vit_s16,right,scene-0771,urban,41,0.037798365485456266,0.018898734060210694
vit_s16,right,scene-0777,urban,40,0.0609438561116509,0.014745521827491042
vit_s16,right,scene-0796,intersection,40,0.040656001505408296,0.06553441871586767
vit_s16,right,scene-0904,intersection,41,0.05625665825745027,0.07854381722088652
vit_s16,right,scene-0905,intersection,40,0.08282262685773131,0.06840376952608568
vit_s16,right,scene-0906,intersection,41,0.10413019635219606,0.04744698974549482
vit_s16,right,scene-0913,urban,40,0.09067859730418058,0.08833143887436472
vit_s16,right,scene-0914,intersection,41,0.1918004139826198,0.07223958050665637
vit_s16,right,scene-0919,urban,39,0.3009133977254789,0.09745902170586991
vit_s16,lead,scene-0003,urban,40,0.09627436971281599,0.08328421014858761
vit_s16,lead,scene-0013,urban,40,0.05276044692863244,0.05767163337052086
vit_s16,lead,scene-0017,intersection,40,0.06567979382794668,0.0773321647657643
vit_s16,lead,scene-0092,urban,40,0.0839310043579374,0.04742137551399521
vit_s16,lead,scene-0096,intersection,39,0.04242772892635096,0.07586775805047202
vit_s16,lead,scene-0098,urban,39,0.029749407865538785,0.03926750536568642
vit_s16,lead,scene-0103,urban,40,0.06367056904442861,0.12182426767172078
vit_s16,lead,scene-0106,intersection,40,0.05448506642729976,0.0536400493774733
vit_s16,lead,scene-0107,intersection,40,0.06338879802733312,0.053860290777044594
vit_s16,lead,scene-0110,urban,40,0.08583597073060771,0.051872263297989336
vit_s16,lead,scene-0269,urban,40,0.1958651277686293,0.05390344372139541
vit_s16,lead,scene-0271,urban,39,0.12382643543505552,0.09004459495652842
vit_s16,lead,scene-0273,urban,39,0.0631655410727811,0.08561365108748238
vit_s16,lead,scene-0276,intersection,40,0.10812849826801049,0.10245657966672155
vit_s16,lead,scene-0346,intersection,40,0.08133588320902817,0.07276294408215085
vit_s16,lead,scene-0521,intersection,40,0.03735798009887407,0.056887694629516775
vit_s16,lead,scene-0556,intersection,40,0.36784368038887716,0.09175605337556607
vit_s16,lead,scene-0561,intersection,40,0.18388363488454734,0.05908414217755202
vit_s16,lead,scene-0635,urban,40,0.03164805971694876,0.059437819417480005
vit_s16,lead,scene-0638,intersection,41,0.2712823787472928,0.07995783870378906
vit_s16,lead,scene-0770,urban,40,0.10080917248566275,0.055216313799994955
vit_s16,lead,scene-0771,urban,41,0.07569820317164229,0.05634920221402662
vit_s16,lead,scene-0777,urban,40,0.09400946448400946,0.04212872843571361
vit_s16,lead,scene-0796,intersection,40,0.040257662451163724,0.068865737181059
vit_s16,lead,scene-0904,intersection,41,0.08351154969956251,0.08221728158941237
vit_s16,lead,scene-0905,intersection,40,0.09293689298698228,0.0706684603686127
vit_s16,lead,scene-0906,intersection,41,0.07974305968709243,0.06129048367402578
vit_s16,lead,scene-0913,urban,40,0.05849562833614696,0.044745312648102005
vit_s16,lead,scene-0914,intersection,41,0.22016446498295633,0.10364030823243696
vit_s16,lead,scene-0919,urban,39,0.29495436477621656,0.09239203540385375
clip_b32,original,scene-0003,urban,40,0.0862311340594128,0.0609255848210686
clip_b32,original,scene-0013,urban,40,0.05610521944315039,0.036868306402703596
clip_b32,original,scene-0017,intersection,40,0.09005140770367398,0.06903418364687056
clip_b32,original,scene-0092,urban,40,0.03929009920262104,0.027157115184625984
clip_b32,original,scene-0096,intersection,39,0.03666215177170244,0.08326578123750039
clip_b32,original,scene-0098,urban,39,0.0255513815952656,0.03568189078879571
clip_b32,original,scene-0103,urban,40,0.02735840628310458,0.11764419136321677
clip_b32,original,scene-0106,intersection,40,0.03748533244926443,0.05497321883314561
clip_b32,original,scene-0107,intersection,40,0.06265788875385557,0.0520654021315436
clip_b32,original,scene-0110,urban,40,0.0343078002436813,0.028640359558911366
clip_b32,original,scene-0269,urban,40,0.1696715662382497,0.042076018837830347
clip_b32,original,scene-0271,urban,39,0.15282818836787507,0.08696368882196315
clip_b32,original,scene-0273,urban,39,0.06557332705842553,0.07963489084465958
clip_b32,original,scene-0276,intersection,40,0.094199601696335,0.08713395442296903
clip_b32,original,scene-0346,intersection,40,0.03354880275699637,0.06771542581020142
clip_b32,original,scene-0521,intersection,40,0.052526716837311443,0.06559994696936865
clip_b32,original,scene-0556,intersection,40,0.3139837443892757,0.07053196692587434
clip_b32,original,scene-0561,intersection,40,0.17103685628855667,0.03907129105363472
clip_b32,original,scene-0635,urban,40,0.05783469904058095,0.026836402589215748
clip_b32,original,scene-0638,intersection,41,0.22093570697349788,0.06205581542070603
clip_b32,original,scene-0770,urban,40,0.0280669082699169,0.04448619979406126
clip_b32,original,scene-0771,urban,41,0.028036137529795443,0.04252844576655329
clip_b32,original,scene-0777,urban,40,0.014613382805861974,0.03286963629182336
clip_b32,original,scene-0796,intersection,40,0.05077683202669527,0.04666037263424074
clip_b32,original,scene-0904,intersection,41,0.04901881860813549,0.03518763448144121
clip_b32,original,scene-0905,intersection,40,0.03836661134503642,0.029093506560217326
clip_b32,original,scene-0906,intersection,41,0.09303340064957642,0.05432199027309999
clip_b32,original,scene-0913,urban,40,0.06005758751740673,0.027667083995526566
clip_b32,original,scene-0914,intersection,41,0.16247782204904693,0.07172806866778632
clip_b32,original,scene-0919,urban,39,0.25881795055662066,0.08073952524059366
clip_b32,left,scene-0003,urban,40,0.07454420496924934,0.061768995545532425
clip_b32,left,scene-0013,urban,40,0.0693373867438059,0.05508501638540135
clip_b32,left,scene-0017,intersection,40,0.0872754200965543,0.060187234919472206
clip_b32,left,scene-0092,urban,40,0.022341662559842587,0.02444894202157176
clip_b32,left,scene-0096,intersection,39,0.030891735416650384,0.08556035432134906
clip_b32,left,scene-0098,urban,39,0.02984641336205806,0.03626935295308473
clip_b32,left,scene-0103,urban,40,0.02807023474039419,0.11308880766870977
clip_b32,left,scene-0106,intersection,40,0.061393789249922975,0.05924450146717527
clip_b32,left,scene-0107,intersection,40,0.06256604868726992,0.05614414384416304
clip_b32,left,scene-0110,urban,40,0.040956431908845375,0.02556872945335215
clip_b32,left,scene-0269,urban,40,0.18740962775379838,0.05143906474758462
clip_b32,left,scene-0271,urban,39,0.1437260507102629,0.08137973388440668
clip_b32,left,scene-0273,urban,39,0.06885662718655575,0.07795930357167644
clip_b32,left,scene-0276,intersection,40,0.0942791762302725,0.0911759209388621
clip_b32,left,scene-0346,intersection,40,0.044166081656807674,0.07656795285140812
clip_b32,left,scene-0521,intersection,40,0.03817690322576983,0.06560816785173963
clip_b32,left,scene-0556,intersection,40,0.31597222175200856,0.07148754254680222
clip_b32,left,scene-0561,intersection,40,0.1744216879039284,0.047768320181302344
clip_b32,left,scene-0635,urban,40,0.0681161235432481,0.02066572198692917
clip_b32,left,scene-0638,intersection,41,0.23147950285214156,0.06050951318754711
clip_b32,left,scene-0770,urban,40,0.025446398430865044,0.045522937337160584
clip_b32,left,scene-0771,urban,41,0.026406437882864595,0.04401362890805598
clip_b32,left,scene-0777,urban,40,0.012641373737232868,0.036917976609312494
clip_b32,left,scene-0796,intersection,40,0.047612501773920506,0.036342740343628256
clip_b32,left,scene-0904,intersection,41,0.03852770479764918,0.04381207743583844
clip_b32,left,scene-0905,intersection,40,0.03136159154081092,0.02976556550235536
clip_b32,left,scene-0906,intersection,41,0.09033036301878336,0.04678133454858284
clip_b32,left,scene-0913,urban,40,0.04510877897461811,0.02255439927884002
clip_b32,left,scene-0914,intersection,41,0.1619027133479356,0.060803483066533964
clip_b32,left,scene-0919,urban,39,0.2722286835448445,0.07470966862214144
clip_b32,right,scene-0003,urban,40,0.06578881218977019,0.06108302503880545
clip_b32,right,scene-0013,urban,40,0.04754039087533705,0.036895553176421174
clip_b32,right,scene-0017,intersection,40,0.10324467551716816,0.058343413646985885
clip_b32,right,scene-0092,urban,40,0.0362511168771089,0.0253400739204363
clip_b32,right,scene-0096,intersection,39,0.035096007909848945,0.07803584551371275
clip_b32,right,scene-0098,urban,39,0.02417292501801354,0.03142316456743643
clip_b32,right,scene-0103,urban,40,0.021452550782608378,0.11347997617868456
clip_b32,right,scene-0106,intersection,40,0.07147460513414362,0.05432847433437335
clip_b32,right,scene-0107,intersection,40,0.041198393986528976,0.05585009087733027
clip_b32,right,scene-0110,urban,40,0.04833523217944116,0.021542689005629497
clip_b32,right,scene-0269,urban,40,0.17195215852843582,0.052597954807972434
clip_b32,right,scene-0271,urban,39,0.13076725909093267,0.08661820939827852
clip_b32,right,scene-0273,urban,39,0.061617847260518346,0.07620400108757888
clip_b32,right,scene-0276,intersection,40,0.09269386647012834,0.0952285760670077
clip_b32,right,scene-0346,intersection,40,0.057982094744521255,0.0767090938026313
clip_b32,right,scene-0521,intersection,40,0.034484589510280654,0.06164754661661876
clip_b32,right,scene-0556,intersection,40,0.34214131650780355,0.06870480728481305
clip_b32,right,scene-0561,intersection,40,0.1810939789892441,0.046773618278912035
clip_b32,right,scene-0635,urban,40,0.027569750846339034,0.021052239189145144
clip_b32,right,scene-0638,intersection,41,0.2310717719945101,0.06279402008021977
clip_b32,right,scene-0770,urban,40,0.07050732209037507,0.03923278505061905
clip_b32,right,scene-0771,urban,41,0.06815559485086664,0.039904556112755396
clip_b32,right,scene-0777,urban,40,0.07640858548521172,0.03504355321004369
clip_b32,right,scene-0796,intersection,40,0.030782820596390013,0.05008773112784342
clip_b32,right,scene-0904,intersection,41,0.03720466882886955,0.03442911372942523
clip_b32,right,scene-0905,intersection,40,0.041213446276260605,0.02936167954971165
clip_b32,right,scene-0906,intersection,41,0.07688402682462568,0.04920861106519902
clip_b32,right,scene-0913,urban,40,0.029959931494145668,0.02532910011213545
clip_b32,right,scene-0914,intersection,41,0.1617855773164484,0.06792797238908185
clip_b32,right,scene-0919,urban,39,0.27561365803499105,0.07259140750480127
clip_b32,lead,scene-0003,urban,40,0.0694861960682512,0.06359803673654812
clip_b32,lead,scene-0013,urban,40,0.04897602263053251,0.03381091242132326
clip_b32,lead,scene-0017,intersection,40,0.10873243762139717,0.060574825071682104
clip_b32,lead,scene-0092,urban,40,0.026780262031646872,0.03675092627549233
clip_b32,lead,scene-0096,intersection,39,0.03807693339222864,0.08846258111764732
clip_b32,lead,scene-0098,urban,39,0.05514501575859789,0.034081471470503465
clip_b32,lead,scene-0103,urban,40,0.046654022695704685,0.11339396767302048
clip_b32,lead,scene-0106,intersection,40,0.08398638912015154,0.0553972105631695
clip_b32,lead,scene-0107,intersection,40,0.033274379559220725,0.06295137226443262
clip_b32,lead,scene-0110,urban,40,0.04034123009059936,0.025468594073520485
clip_b32,lead,scene-0269,urban,40,0.17958463434966906,0.058948983863526344
clip_b32,lead,scene-0271,urban,39,0.12859670862470376,0.08704751050781845
clip_b32,lead,scene-0273,urban,39,0.05098297789700545,0.08324842998763757
clip_b32,lead,scene-0276,intersection,40,0.1031512744910314,0.09538950547892544
clip_b32,lead,scene-0346,intersection,40,0.061970899669690674,0.07957891243574669
clip_b32,lead,scene-0521,intersection,40,0.024849144890395868,0.05426532585562092
clip_b32,lead,scene-0556,intersection,40,0.33856203165734305,0.08172385154085043
clip_b32,lead,scene-0561,intersection,40,0.18530030969637928,0.053238126202565635
clip_b32,lead,scene-0635,urban,40,0.010496663794531604,0.01776329972462679
clip_b32,lead,scene-0638,intersection,41,0.2523299822668975,0.06570453604992207
clip_b32,lead,scene-0770,urban,40,0.05773288070458839,0.015341478758486965
clip_b32,lead,scene-0771,urban,41,0.05322579830847297,0.014223077943319316
clip_b32,lead,scene-0777,urban,40,0.041520414822121585,0.010881292535557358
clip_b32,lead,scene-0796,intersection,40,0.029435309175667265,0.03399779379014178
clip_b32,lead,scene-0904,intersection,41,0.040051699251427084,0.04506358812689933
clip_b32,lead,scene-0905,intersection,40,0.04482359692311037,0.03846950139165434
clip_b32,lead,scene-0906,intersection,41,0.07909682485970804,0.043611260127490295
clip_b32,lead,scene-0913,urban,40,0.024827657819231727,0.02369160584409466
clip_b32,lead,scene-0914,intersection,41,0.16330660328514102,0.05512255111565256
clip_b32,lead,scene-0919,urban,39,0.2996250323314733,0.06716745018740009
dino_vits14,original,scene-0003,urban,40,0.1229891192046762,0.0678789986491647
dino_vits14,original,scene-0013,urban,40,0.05023659922082696,0.03928388513426112
dino_vits14,original,scene-0017,intersection,40,0.08269659608318036,0.06994222821742603
dino_vits14,original,scene-0092,urban,40,0.037441648599066936,0.034811032563060215
dino_vits14,original,scene-0096,intersection,39,0.036837031717508996,0.08436725232950114
dino_vits14,original,scene-0098,urban,39,0.02545750947109289,0.03442105077071049
dino_vits14,original,scene-0103,urban,40,0.04465518962545734,0.1136096828656369
dino_vits14,original,scene-0106,intersection,40,0.05320956635503677,0.05997225458203252
dino_vits14,original,scene-0107,intersection,40,0.04165932723554682,0.07881746780594008
dino_vits14,original,scene-0110,urban,40,0.0423247694594951,0.023274598391615064
dino_vits14,original,scene-0269,urban,40,0.16665312231561066,0.04492054569042594
dino_vits14,original,scene-0271,urban,39,0.10335251345154917,0.10969086380604019
dino_vits14,original,scene-0273,urban,39,0.0819531247299923,0.0838603368471466
dino_vits14,original,scene-0276,intersection,40,0.10618730990570727,0.09881685572083938
dino_vits14,original,scene-0346,intersection,40,0.06800767417961062,0.10026711463557776
dino_vits14,original,scene-0521,intersection,40,0.03709144770455271,0.05101090799936592
dino_vits14,original,scene-0556,intersection,40,0.3498575992596993,0.07475648368381717
dino_vits14,original,scene-0561,intersection,40,0.14677149129112207,0.052777910327492086
dino_vits14,original,scene-0635,urban,40,0.015484522175224578,0.018207610791962786
dino_vits14,original,scene-0638,intersection,41,0.23102477985982414,0.0764461477501576
dino_vits14,original,scene-0770,urban,40,0.033636391923056036,0.03266347299930743
dino_vits14,original,scene-0771,urban,41,0.03422401452366642,0.039615922233020566
dino_vits14,original,scene-0777,urban,40,0.061401983213158914,0.03356305561871605
dino_vits14,original,scene-0796,intersection,40,0.04445130621393533,0.04651023094364818
dino_vits14,original,scene-0904,intersection,41,0.026024647257178995,0.05587962082921648
dino_vits14,original,scene-0905,intersection,40,0.04690342230725848,0.036215740809592945
dino_vits14,original,scene-0906,intersection,41,0.0732843678178073,0.0357436299579921
dino_vits14,original,scene-0913,urban,40,0.04742486677038944,0.03374669741803497
dino_vits14,original,scene-0914,intersection,41,0.16788524940095945,0.06340390194305127
dino_vits14,original,scene-0919,urban,39,0.274623813948239,0.07826915847049107
dino_vits14,left,scene-0003,urban,40,0.1712621575146534,0.07623002725374639
dino_vits14,left,scene-0013,urban,40,0.057937850171271434,0.03601123787615802
dino_vits14,left,scene-0017,intersection,40,0.08913906952105591,0.06376145513614001
dino_vits14,left,scene-0092,urban,40,0.03531685374016199,0.029604599869996317
dino_vits14,left,scene-0096,intersection,39,0.05945431762585462,0.08540484037222695
dino_vits14,left,scene-0098,urban,39,0.03378837792141974,0.03717827252338108
dino_vits14,left,scene-0103,urban,40,0.05279818429517451,0.11393379681889364
dino_vits14,left,scene-0106,intersection,40,0.049787275203396486,0.0641424266034369
dino_vits14,left,scene-0107,intersection,40,0.04571759688557318,0.06635574598167458
dino_vits14,left,scene-0110,urban,40,0.02777093091097414,0.02541165785898241
dino_vits14,left,scene-0269,urban,40,0.14968467628004287,0.05065380533938345
dino_vits14,left,scene-0271,urban,39,0.12172505288029846,0.09692395588023138
dino_vits14,left,scene-0273,urban,39,0.054674184448832645,0.07770787688438668
dino_vits14,left,scene-0276,intersection,40,0.11910739079765159,0.1033270363740322
dino_vits14,left,scene-0346,intersection,40,0.06873528861939802,0.0902850211831765
dino_vits14,left,scene-0521,intersection,40,0.04622329586163139,0.05304714535856331
dino_vits14,left,scene-0556,intersection,40,0.33605742197268473,0.07552742621289787
dino_vits14,left,scene-0561,intersection,40,0.13468747871572118,0.05491772798411055
dino_vits14,left,scene-0635,urban,40,0.021151455788633335,0.021841335050604413
dino_vits14,left,scene-0638,intersection,41,0.23314681673812748,0.07044675489055474
dino_vits14,left,scene-0770,urban,40,0.016438816361477784,0.007210673878182199
dino_vits14,left,scene-0771,urban,41,0.011156166476473689,0.009635134139230202
dino_vits14,left,scene-0777,urban,40,0.024009633917294916,0.011489391317577908
dino_vits14,left,scene-0796,intersection,40,0.048478419755101435,0.04869424728211852
dino_vits14,left,scene-0904,intersection,41,0.04936392756504392,0.04839930300012697
dino_vits14,left,scene-0905,intersection,40,0.06446205053831118,0.039474491803546334
dino_vits14,left,scene-0906,intersection,41,0.07985830494403277,0.03803030794980139
dino_vits14,left,scene-0913,urban,40,0.031862397642941215,0.038529512188953986
dino_vits14,left,scene-0914,intersection,41,0.1776732867095274,0.06080998199560423
dino_vits14,left,scene-0919,urban,39,0.2700695922244586,0.07100840078589256
dino_vits14,right,scene-0003,urban,40,0.07477022041742477,0.06066779493486103
dino_vits14,right,scene-0013,urban,40,0.06446730460769239,0.042187850275149034
dino_vits14,right,scene-0017,intersection,40,0.08573853697992313,0.0789904764516647
dino_vits14,right,scene-0092,urban,40,0.07139373333076045,0.02902240298852012
dino_vits14,right,scene-0096,intersection,39,0.0419876234331098,0.08263307476611886
dino_vits14,right,scene-0098,urban,39,0.029820457776642953,0.03252741807517791
dino_vits14,right,scene-0103,urban,40,0.052297830752461846,0.11403078093913067
dino_vits14,right,scene-0106,intersection,40,0.06179901097357884,0.05720723204196945
dino_vits14,right,scene-0107,intersection,40,0.05034356920003363,0.0712543791002223
dino_vits14,right,scene-0110,urban,40,0.035136256302151114,0.026386747100147843
dino_vits14,right,scene-0269,urban,40,0.16140895431116165,0.04985342508481753
dino_vits14,right,scene-0271,urban,39,0.119601055588842,0.10731365092713653
dino_vits14,right,scene-0273,urban,39,0.06310306719970941,0.0801794574807492
dino_vits14,right,scene-0276,intersection,40,0.10098933198293004,0.09544045406966381
dino_vits14,right,scene-0346,intersection,40,0.07166885434445083,0.09732494103557136
dino_vits14,right,scene-0521,intersection,40,0.027313249155372234,0.05185639613023008
dino_vits14,right,scene-0556,intersection,40,0.3199376836345087,0.07907243269953615
dino_vits14,right,scene-0561,intersection,40,0.15135969327379825,0.04108087703716706
dino_vits14,right,scene-0635,urban,40,0.020333702063578665,0.018668870231220946
dino_vits14,right,scene-0638,intersection,41,0.23022414265508817,0.0667807991720276
dino_vits14,right,scene-0770,urban,40,0.0285725107814874,0.0473698846856516
dino_vits14,right,scene-0771,urban,41,0.0413187508737705,0.06499467863987979
dino_vits14,right,scene-0777,urban,40,0.05720984968903235,0.04383851065489341
dino_vits14,right,scene-0796,intersection,40,0.05611483277009938,0.04791602047042687
dino_vits14,right,scene-0904,intersection,41,0.0313095250804117,0.0569500962735296
dino_vits14,right,scene-0905,intersection,40,0.06652811417441898,0.050821866898476106
dino_vits14,right,scene-0906,intersection,41,0.07314618581932866,0.04799863074032127
dino_vits14,right,scene-0913,urban,40,0.053546189097704276,0.03090002309968087
dino_vits14,right,scene-0914,intersection,41,0.16826252756974014,0.056448314167446
dino_vits14,right,scene-0919,urban,39,0.2682530832597888,0.06099280909769423
dino_vits14,lead,scene-0003,urban,40,0.12292497929672075,0.06778979656585275
dino_vits14,lead,scene-0013,urban,40,0.06082514814841867,0.03584855383894623
dino_vits14,lead,scene-0017,intersection,40,0.07454417900656499,0.07142345377901702
dino_vits14,lead,scene-0092,urban,40,0.06044489165208339,0.048201002304347186
dino_vits14,lead,scene-0096,intersection,39,0.03443236664748823,0.08542156322904602
dino_vits14,lead,scene-0098,urban,39,0.027189590639457462,0.03418011615157504
dino_vits14,lead,scene-0103,urban,40,0.045049065853395784,0.11391893505638906
dino_vits14,lead,scene-0106,intersection,40,0.04636353228946413,0.05692396189493374
dino_vits14,lead,scene-0107,intersection,40,0.06279024261357075,0.09043350843516881
dino_vits14,lead,scene-0110,urban,40,0.06728340527015698,0.04928161790176944
dino_vits14,lead,scene-0269,urban,40,0.1579590145243037,0.041845741085486624
dino_vits14,lead,scene-0271,urban,39,0.11718855576845216,0.10286382635443682
dino_vits14,lead,scene-0273,urban,39,0.07869493098294139,0.07706325004162012
dino_vits14,lead,scene-0276,intersection,40,0.1133009237476257,0.10104485905554271
dino_vits14,lead,scene-0346,intersection,40,0.08673875165799283,0.09830066875531501
dino_vits14,lead,scene-0521,intersection,40,0.0566956988874143,0.05327755278309612
dino_vits14,lead,scene-0556,intersection,40,0.35132021543252084,0.08980553581766497
dino_vits14,lead,scene-0561,intersection,40,0.15181588288549527,0.053637265979543894
dino_vits14,lead,scene-0635,urban,40,0.014845742828661771,0.01857724415395367
dino_vits14,lead,scene-0638,intersection,41,0.23226112131435356,0.09105759056020694
dino_vits14,lead,scene-0770,urban,40,0.010761855138191796,0.023928537379570913
dino_vits14,lead,scene-0771,urban,41,0.015825331583993983,0.025580116976411525
dino_vits14,lead,scene-0777,urban,40,0.028429296226685774,0.015004692536015031
dino_vits14,lead,scene-0796,intersection,40,0.04281696942439758,0.04723157368101555
dino_vits14,lead,scene-0904,intersection,41,0.02655377290517015,0.05752416757075907
dino_vits14,lead,scene-0905,intersection,40,0.07851700211133054,0.06797727441221542
dino_vits14,lead,scene-0906,intersection,41,0.07039890325906475,0.03876047243153813
dino_vits14,lead,scene-0913,urban,40,0.07432951770217894,0.0335021235556211
dino_vits14,lead,scene-0914,intersection,41,0.16482173678524406,0.06322018858899359
dino_vits14,lead,scene-0919,urban,39,0.2731090878750253,0.06402728991581125
vq_track,original,scene-0003,urban,40,0.1229891192046762,0.0678789986491647
vq_track,original,scene-0013,urban,40,0.05023659922082696,0.03928388513426112
vq_track,original,scene-0017,intersection,40,0.08269659608318036,0.06994222821742603
vq_track,original,scene-0092,urban,40,0.037441648599066936,0.034811032563060215
vq_track,original,scene-0096,intersection,39,0.036837031717508996,0.08436725232950114
vq_track,original,scene-0098,urban,39,0.02545750947109289,0.03442105077071049
vq_track,original,scene-0103,urban,40,0.04465518962545734,0.1136096828656369
vq_track,original,scene-0106,intersection,40,0.05320956635503677,0.05997225458203252
vq_track,original,scene-0107,intersection,40,0.04165932723554682,0.07881746780594008
vq_track,original,scene-0110,urban,40,0.0423247694594951,0.023274598391615064
vq_track,original,scene-0269,urban,40,0.16665312231561066,0.04492054569042594
vq_track,original,scene-0271,urban,39,0.10335251345154917,0.10969086380604019
vq_track,original,scene-0273,urban,39,0.0819531247299923,0.0838603368471466
vq_track,original,scene-0276,intersection,40,0.10618730990570727,0.09881685572083938
vq_track,original,scene-0346,intersection,40,0.06800767417961062,0.10026711463557776
vq_track,original,scene-0521,intersection,40,0.03709144770455271,0.05101090799936592
vq_track,original,scene-0556,intersection,40,0.3498575992596993,0.07475648368381717
vq_track,original,scene-0561,intersection,40,0.14677149129112207,0.052777910327492086
vq_track,original,scene-0635,urban,40,0.015484522175224578,0.018207610791962786
vq_track,original,scene-0638,intersection,41,0.23102477985982414,0.0764461477501576
vq_track,original,scene-0770,urban,40,0.033636391923056036,0.03266347299930743
vq_track,original,scene-0771,urban,41,0.03422401452366642,0.039615922233020566
vq_track,original,scene-0777,urban,40,0.061401983213158914,0.03356305561871605
vq_track,original,scene-0796,intersection,40,0.04445130621393533,0.04651023094364818
vq_track,original,scene-0904,intersection,41,0.026024647257178995,0.05587962082921648
vq_track,original,scene-0905,intersection,40,0.04690342230725848,0.036215740809592945
vq_track,original,scene-0906,intersection,41,0.0732843678178073,0.0357436299579921
vq_track,original,scene-0913,urban,40,0.04742486677038944,0.03374669741803497
vq_track,original,scene-0914,intersection,41,0.16788524940095945,0.06340390194305127
vq_track,original,scene-0919,urban,39,0.274623813948239,0.07826915847049107
vq_track,left,scene-0003,urban,40,0.1712621575146534,0.07623002725374639
vq_track,left,scene-0013,urban,40,0.057937850171271434,0.03601123787615802
vq_track,left,scene-0017,intersection,40,0.08913906952105591,0.06376145513614001
vq_track,left,scene-0092,urban,40,0.03531685374016199,0.029604599869996317
vq_track,left,scene-0096,intersection,39,0.05945431762585462,0.08540484037222695
vq_track,left,scene-0098,urban,39,0.03378837792141974,0.03717827252338108
vq_track,left,scene-0103,urban,40,0.05279818429517451,0.11393379681889364
vq_track,left,scene-0106,intersection,40,0.049787275203396486,0.0641424266034369
vq_track,left,scene-0107,intersection,40,0.04571759688557318,0.06635574598167458
vq_track,left,scene-0110,urban,40,0.02777093091097414,0.02541165785898241
vq_track,left,scene-0269,urban,40,0.14968467628004287,0.05065380533938345
vq_track,left,scene-0271,urban,39,0.12172505288029846,0.09692395588023138
vq_track,left,scene-0273,urban,39,0.054674184448832645,0.07770787688438668
vq_track,left,scene-0276,intersection,40,0.11910739079765159,0.1033270363740322
vq_track,left,scene-0346,intersection,40,0.06873528861939802,0.0902850211831765
vq_track,left,scene-0521,intersection,40,0.04622329586163139,0.05304714535856331
vq_track,left,scene-0556,intersection,40,0.33605742197268473,0.07552742621289787
vq_track,left,scene-0561,intersection,40,0.13468747871572118,0.05491772798411055
vq_track,left,scene-0635,urban,40,0.021151455788633335,0.021841335050604413
vq_track,left,scene-0638,intersection,41,0.23314681673812748,0.07044675489055474
vq_track,left,scene-0770,urban,40,0.016438816361477784,0.007210673878182199
vq_track,left,scene-0771,urban,41,0.011156166476473689,0.009635134139230202
vq_track,left,scene-0777,urban,40,0.024009633917294916,0.011489391317577908
vq_track,left,scene-0796,intersection,40,0.048478419755101435,0.04869424728211852
vq_track,left,scene-0904,intersection,41,0.04936392756504392,0.04839930300012697
vq_track,left,scene-0905,intersection,40,0.06446205053831118,0.039474491803546334
vq_track,left,scene-0906,intersection,41,0.07985830494403277,0.03803030794980139
vq_track,left,scene-0913,urban,40,0.031862397642941215,0.038529512188953986
vq_track,left,scene-0914,intersection,41,0.1776732867095274,0.06080998199560423
vq_track,left,scene-0919,urban,39,0.2700695922244586,0.07100840078589256
vq_track,right,scene-0003,urban,40,0.07477022041742477,0.06066779493486103
vq_track,right,scene-0013,urban,40,0.06446730460769239,0.042187850275149034
vq_track,right,scene-0017,intersection,40,0.08573853697992313,0.0789904764516647
vq_track,right,scene-0092,urban,40,0.07139373333076045,0.02902240298852012
vq_track,right,scene-0096,intersection,39,0.0419876234331098,0.08263307476611886
vq_track,right,scene-0098,urban,39,0.029820457776642953,0.03252741807517791
vq_track,right,scene-0103,urban,40,0.052297830752461846,0.11403078093913067
vq_track,right,scene-0106,intersection,40,0.06179901097357884,0.05720723204196945
vq_track,right,scene-0107,intersection,40,0.05034356920003363,0.0712543791002223
vq_track,right,scene-0110,urban,40,0.035136256302151114,0.026386747100147843
vq_track,right,scene-0269,urban,40,0.16140895431116165,0.04985342508481753
vq_track,right,scene-0271,urban,39,0.119601055588842,0.10731365092713653
vq_track,right,scene-0273,urban,39,0.06310306719970941,0.0801794574807492
vq_track,right,scene-0276,intersection,40,0.10098933198293004,0.09544045406966381
vq_track,right,scene-0346,intersection,40,0.07166885434445083,0.09732494103557136
vq_track,right,scene-0521,intersection,40,0.027313249155372234,0.05185639613023008
vq_track,right,scene-0556,intersection,40,0.3199376836345087,0.07907243269953615
vq_track,right,scene-0561,intersection,40,0.15135969327379825,0.04108087703716706
vq_track,right,scene-0635,urban,40,0.020333702063578665,0.018668870231220946
vq_track,right,scene-0638,intersection,41,0.23022414265508817,0.0667807991720276
vq_track,right,scene-0770,urban,40,0.0285725107814874,0.0473698846856516
vq_track,right,scene-0771,urban,41,0.0413187508737705,0.06499467863987979
vq_track,right,scene-0777,urban,40,0.05720984968903235,0.04383851065489341
vq_track,right,scene-0796,intersection,40,0.05611483277009938,0.04791602047042687
vq_track,right,scene-0904,intersection,41,0.0313095250804117,0.0569500962735296
vq_track,right,scene-0905,intersection,40,0.06652811417441898,0.050821866898476106
vq_track,right,scene-0906,intersection,41,0.07314618581932866,0.04799863074032127
vq_track,right,scene-0913,urban,40,0.053546189097704276,0.03090002309968087
vq_track,right,scene-0914,intersection,41,0.16826252756974014,0.056448314167446
vq_track,right,scene-0919,urban,39,0.2682530832597888,0.06099280909769423
vq_track,lead,scene-0003,urban,40,0.12292497929672075,0.06778979656585275
vq_track,lead,scene-0013,urban,40,0.06082514814841867,0.03584855383894623
vq_track,lead,scene-0017,intersection,40,0.07454417900656499,0.07142345377901702
vq_track,lead,scene-0092,urban,40,0.06044489165208339,0.048201002304347186
vq_track,lead,scene-0096,intersection,39,0.03443236664748823,0.08542156322904602
vq_track,lead,scene-0098,urban,39,0.027189590639457462,0.03418011615157504
vq_track,lead,scene-0103,urban,40,0.045049065853395784,0.11391893505638906
vq_track,lead,scene-0106,intersection,40,0.04636353228946413,0.05692396189493374
vq_track,lead,scene-0107,intersection,40,0.06279024261357075,0.09043350843516881
vq_track,lead,scene-0110,urban,40,0.06728340527015698,0.04928161790176944
vq_track,lead,scene-0269,urban,40,0.1579590145243037,0.041845741085486624
vq_track,lead,scene-0271,urban,39,0.11718855576845216,0.10286382635443682
vq_track,lead,scene-0273,urban,39,0.07869493098294139,0.07706325004162012
vq_track,lead,scene-0276,intersection,40,0.1133009237476257,0.10104485905554271
vq_track,lead,scene-0346,intersection,40,0.08673875165799283,0.09830066875531501
vq_track,lead,scene-0521,intersection,40,0.0566956988874143,0.05327755278309612
vq_track,lead,scene-0556,intersection,40,0.35132021543252084,0.08980553581766497
vq_track,lead,scene-0561,intersection,40,0.15181588288549527,0.053637265979543894
vq_track,lead,scene-0635,urban,40,0.014845742828661771,0.01857724415395367
vq_track,lead,scene-0638,intersection,41,0.23226112131435356,0.09105759056020694
vq_track,lead,scene-0770,urban,40,0.010761855138191796,0.023928537379570913
vq_track,lead,scene-0771,urban,41,0.015825331583993983,0.025580116976411525
vq_track,lead,scene-0777,urban,40,0.028429296226685774,0.015004692536015031
vq_track,lead,scene-0796,intersection,40,0.04281696942439758,0.04723157368101555
vq_track,lead,scene-0904,intersection,41,0.02655377290517015,0.05752416757075907
vq_track,lead,scene-0905,intersection,40,0.07851700211133054,0.06797727441221542
vq_track,lead,scene-0906,intersection,41,0.07039890325906475,0.03876047243153813
vq_track,lead,scene-0913,urban,40,0.07432951770217894,0.0335021235556211
vq_track,lead,scene-0914,intersection,41,0.16482173678524406,0.06322018858899359
vq_track,lead,scene-0919,urban,39,0.2731090878750253,0.06402728991581125
