encoder,variant,seed,t_start,n_ddim_steps,guidance_w,cossim_h1,cossim_h2,cossim_h3,cossim_h4,mse_h1,z_hat_norm_ratio
clip_b32,conditioned,0,0,5,1.0,0.9573290561437386,0.9423163006239259,0.9320291250608662,0.9242289392330876,0.01788567045635129,0.999869294723258
clip_b32,conditioned,0,40,5,1.0,0.956688994432116,0.9417183505232691,0.9314418897612945,0.923666242876491,0.018151045288298705,0.9998650435454504
clip_b32,conditioned,0,100,5,1.0,0.9540104384703002,0.9392069577070856,0.9290227444767182,0.9213408001852027,0.019260947088140207,0.9998541700375684
clip_b32,conditioned,0,200,5,1.0,0.9558820300358295,0.9419463932525189,0.9322292442624476,0.924864192272073,0.018383586449604628,0.9943104122552275
clip_b32,conditioned,0,400,5,1.0,0.9521197171025576,0.9390202269032336,0.9297660177188246,0.9227911813119655,0.019912145788499317,0.9931082733616441
clip_b32,conditioned,0,600,5,1.0,0.9464251146388684,0.9343268673761808,0.9256900978123577,0.9192371005874693,0.022240833363688768,0.991656891752688
clip_b32,conditioned,0,800,5,1.0,0.9341195608597661,0.9234760373825296,0.9158484308806308,0.9103188895721632,0.02742343113681535,0.9937140167082841
clip_b32,conditioned,0,980,5,1.0,0.8989818261148833,0.8933112853170431,0.8897103293616517,0.8871378633759959,0.04024013605784789,0.930746999639325
clip_b32,conditioned,1,0,5,1.0,0.9585244185283497,0.9438990451990843,0.9338292116431606,0.9261600130443358,0.01782960021907189,0.999824923238989
clip_b32,conditioned,1,40,5,1.0,0.9578917292700326,0.9433143779038723,0.9332528629081235,0.9255954329213834,0.01809860124955826,0.9998387303600951
clip_b32,conditioned,1,100,5,1.0,0.9552484108614601,0.940849561844393,0.930876826025679,0.9232955808722241,0.019221844923278462,0.999861592606843
clip_b32,conditioned,1,200,5,1.0,0.957133383785233,0.9435831475772636,0.9341099259157774,0.9268356917374775,0.01831481031197687,0.9942450657924159
clip_b32,conditioned,1,400,5,1.0,0.9534690752749206,0.9407736262088993,0.9317724949804526,0.9248376351085662,0.019826642623091122,0.9923815750979597
clip_b32,conditioned,1,600,5,1.0,0.9478955822339421,0.9362334275866021,0.9278070914787128,0.9213058449153333,0.022150445587191994,0.9904198675738948
clip_b32,conditioned,1,800,5,1.0,0.9357533790150523,0.9256856277389793,0.9181303435045979,0.9123778926598055,0.02734101786563308,0.9908972921473954
clip_b32,conditioned,1,980,5,1.0,0.9016959434462817,0.8971953982465666,0.8929560144441685,0.8905270547087198,0.04020518048000107,0.9299944227335979
clip_b32,conditioned,2,0,5,1.0,0.9579421404345622,0.943060422828,0.932881342086609,0.9251695419286181,0.017761304672078072,0.9998509364357798
clip_b32,conditioned,2,40,5,1.0,0.9573097426109504,0.9424692454164726,0.9323037452507688,0.9246232764354424,0.018025021391681342,0.9998416783171266
clip_b32,conditioned,2,100,5,1.0,0.9546552314202181,0.9399806858758949,0.9299147212212762,0.9223365480993524,0.019131787810120596,0.9998132775380721
clip_b32,conditioned,2,200,5,1.0,0.9565523763186027,0.9427332739962887,0.9331658823196685,0.9259333190805337,0.018228476850237214,0.9935828545910029
clip_b32,conditioned,2,400,5,1.0,0.9529389815920942,0.9399270076860821,0.9308812418950179,0.9240461857386193,0.019689105873201183,0.9913273462980123
clip_b32,conditioned,2,600,5,1.0,0.9475265745087993,0.9354691809009947,0.9270858314121356,0.920735657138124,0.021892404727861876,0.9886272975157381
clip_b32,conditioned,2,800,5,1.0,0.9354507909487217,0.9247876470171232,0.9175096868390767,0.9118179374789154,0.026938273570572324,0.9880991141497931
clip_b32,conditioned,2,980,5,1.0,0.8981364922981945,0.8931906010792646,0.8898975416663213,0.8869707741449627,0.040827198450053656,0.9267860663389911
dino_vits14,conditioned,0,0,5,1.0,0.9323425271850293,0.8994164474777332,0.8737352311028218,0.8529597442733954,0.7825034597875183,0.9997404051902773
dino_vits14,conditioned,0,40,5,1.0,0.9308572337292595,0.8980569721566155,0.8723942421749303,0.8516941228945067,0.7997425491683574,0.9997049457721061
dino_vits14,conditioned,0,100,5,1.0,0.9247058566414269,0.8923143012692158,0.8668693912757414,0.8464299188062347,0.8710561894164971,0.9995643549694607
dino_vits14,conditioned,0,200,5,1.0,0.9267297629655387,0.8964270250144799,0.8722503438253731,0.8526895469923172,0.8358682388528111,0.9821094671153414
dino_vits14,conditioned,0,400,5,1.0,0.9166373185817551,0.8884064047335258,0.8655373319353779,0.8470274979259986,0.9471338845460832,0.9752186121558553
dino_vits14,conditioned,0,600,5,1.0,0.9029398022553295,0.8769867364320616,0.8555715645034939,0.8382972742627305,1.0988885732039377,0.9693658815238114
dino_vits14,conditioned,0,800,5,1.0,0.8764244187997923,0.8538867706169302,0.8342679494156303,0.8189819372542825,1.4057959158672664,0.9715425242208002
dino_vits14,conditioned,0,980,5,1.0,0.7960383550204305,0.7823209627063143,0.7694964481909176,0.7610639926581656,2.139840057930574,0.843302963183251
dino_vits14,conditioned,1,0,5,1.0,0.9323425271850293,0.8994164474777332,0.8737352311028218,0.8529597442733954,0.7825034597875183,0.9997404051902773
dino_vits14,conditioned,1,40,5,1.0,0.9308657641779521,0.89801913351343,0.8724156830402775,0.851667383408322,0.7996329632956376,0.9996812356695086
dino_vits14,conditioned,1,100,5,1.0,0.9247145067613752,0.8922255615133007,0.8669200629012395,0.8463671118114504,0.8709345358415468,0.9995140495871916
dino_vits14,conditioned,1,200,5,1.0,0.9266536893561265,0.8962709990390708,0.8722239049252252,0.8525001883484776,0.836555075834633,0.9825056080378669
dino_vits14,conditioned,1,400,5,1.0,0.9164451364002274,0.8881828595316482,0.8655132428155348,0.846773152862622,0.9492248944150365,0.9758106558379402
dino_vits14,conditioned,1,600,5,1.0,0.9024521207695057,0.8766065169181478,0.8554759696964673,0.8379379064092163,1.104900727568572,0.9702369266980672
dino_vits14,conditioned,1,800,5,1.0,0.8749374443148529,0.8528038013639166,0.8337719958302368,0.8180445649787099,1.4265812044764912,0.9739545389379127
dino_vits14,conditioned,1,980,5,1.0,0.791461993152529,0.7778554903358788,0.7660609849112173,0.7563095933991971,2.1890745696204905,0.8444932161574624
dino_vits14,conditioned,2,0,5,1.0,0.9323425271850293,0.8994164474777332,0.8737352311028218,0.8529597442733954,0.7825034597875183,0.9997404051902773
dino_vits14,conditioned,2,40,5,1.0,0.9308672058646101,0.898017914274518,0.8724290728459039,0.8517065011260474,0.7995685347553372,0.9996671148185767
dino_vits14,conditioned,2,100,5,1.0,0.9247214272797031,0.8922168121366049,0.8669455528787239,0.8464582471043273,0.870746176452693,0.9994834306216234
dino_vits14,conditioned,2,200,5,1.0,0.926682622346035,0.8962206836115458,0.8722258696456658,0.8525742951256033,0.8369208223420682,0.9832610895543559
dino_vits14,conditioned,2,400,5,1.0,0.9164333002090806,0.8879776951307123,0.8654512108681188,0.8468329744115486,0.9503082008594119,0.976859317935719
dino_vits14,conditioned,2,600,5,1.0,0.9024216334611689,0.8761749795539547,0.8553561175258909,0.8379829724923032,1.1066651084718284,0.9719198437069123
dino_vits14,conditioned,2,800,5,1.0,0.8750092576275587,0.8518533968885879,0.8336475743295346,0.8182024951349833,1.4270319040245314,0.975772820110789
dino_vits14,conditioned,2,980,5,1.0,0.7916145465496744,0.7773645129628806,0.7661907719078704,0.7568638673632055,2.1839112786706423,0.8433948759313318
vit_s16,conditioned,0,0,5,1.0,0.9226523605433969,0.8925989822919881,0.8715160409998115,0.8556540025118687,1.0023053314087904,0.9998280309865961
vit_s16,conditioned,0,40,5,1.0,0.9217043924340464,0.8917339111654757,0.8707071146988785,0.854884719778238,1.0145667944255405,0.9998183988633959
vit_s16,conditioned,0,100,5,1.0,0.9177704709199637,0.8881333128159546,0.8673392487839373,0.8516953850742811,1.0654309077948347,0.9997889212761507
vit_s16,conditioned,0,200,5,1.0,0.9202933197950697,0.8924962811242129,0.8727289035457112,0.8576779792308368,1.019144383099801,0.985617388843079
vit_s16,conditioned,0,400,5,1.0,0.9129231592499697,0.8871888686731131,0.8686367013089704,0.8543806003895077,1.1086772514634697,0.9803678392148921
vit_s16,conditioned,0,600,5,1.0,0.9017986270153427,0.8784450735854892,0.8613579970572922,0.8480773358398708,1.246517834308777,0.9764181263534925
vit_s16,conditioned,0,800,5,1.0,0.8783889167927842,0.8585572468880293,0.843819887309436,0.8320478779690185,1.5472505586704748,0.977854628811254
vit_s16,conditioned,0,980,5,1.0,0.813876766409683,0.804624242478135,0.7979881369687024,0.7920610350774078,2.2371059881626714,0.904585710223484
vit_s16,conditioned,1,0,5,1.0,0.9226523577276027,0.892598975956451,0.8715160402958629,0.8556540018079202,1.0023053319367519,0.9998280309865961
vit_s16,conditioned,1,40,5,1.0,0.9217412469571401,0.8917243353531664,0.8706962696673092,0.8548617041799542,1.0140727660514746,0.9998243900151011
vit_s16,conditioned,1,100,5,1.0,0.9178450810203123,0.8881147292778268,0.8673192538289396,0.8516440545529276,1.064440564093807,0.9998023832891783
vit_s16,conditioned,1,200,5,1.0,0.92040457956948,0.8924761144057656,0.8726665745320015,0.8576010137185947,1.018719735280199,0.9865627479287494
vit_s16,conditioned,1,400,5,1.0,0.9134277200144493,0.8875545544649847,0.86898645181721,0.8547264341279399,1.1031560019651316,0.9809721970951208
vit_s16,conditioned,1,600,5,1.0,0.9027439771399857,0.879286123875169,0.8621955057817492,0.8489140413590167,1.2354332518590774,0.9767789911012885
vit_s16,conditioned,1,800,5,1.0,0.8804086064650005,0.860730149557195,0.8457439392337633,0.8340504778819586,1.5235063560247906,0.9784570812376814
vit_s16,conditioned,1,980,5,1.0,0.818181130296081,0.8089947268452058,0.8023217625889881,0.7961083211721056,2.1853625446607494,0.9022850894383865
vit_s16,conditioned,2,0,5,1.0,0.9226523605433969,0.8925989822919881,0.8715160409998115,0.8556540025118687,1.0023053314087904,0.9998280309865961
vit_s16,conditioned,2,40,5,1.0,0.9217032851229561,0.891724442353348,0.8707354408851253,0.8549135816693416,1.0145199742786206,0.9998218138560245
vit_s16,conditioned,2,100,5,1.0,0.9177624198602429,0.888109461630726,0.8674048476387245,0.8517625790765132,1.0654093157565336,0.999798174658771
vit_s16,conditioned,2,200,5,1.0,0.9202342380960834,0.8923692282637804,0.8727056697233728,0.8576834812928091,1.0207449122314678,0.9866138218642962
vit_s16,conditioned,2,400,5,1.0,0.9128734731524605,0.8870215415074654,0.8687070461849727,0.8545452715572253,1.1099645488265257,0.9809706803249697
vit_s16,conditioned,2,600,5,1.0,0.9018031041282066,0.8782849506294403,0.8615917931581516,0.8485199449070707,1.2468430018772563,0.9764787103836517
vit_s16,conditioned,2,800,5,1.0,0.8788959195548306,0.8589654525810336,0.8447016870696115,0.8334913906696473,1.5408531304412407,0.9772641162042103
vit_s16,conditioned,2,980,5,1.0,0.8188668824931664,0.808830734987852,0.8025785158604004,0.7970734240934404,2.1757480179962143,0.9016356948740051
vjepa2_rep1,conditioned,0,0,5,1.0,0.9871259655189549,0.9786618330047939,0.9718711410947646,0.9663418989644365,0.07558453542804736,1.0001158311657075
vjepa2_rep1,conditioned,0,40,5,1.0,0.9867999408930996,0.9783697386996996,0.9715915566595922,0.9660801180923836,0.07749160706809931,1.0001101987876981
vjepa2_rep1,conditioned,0,100,5,1.0,0.9854632009987374,0.9771416659371882,0.9704314297163787,0.9649875603559867,0.08532388420601264,1.0001113597568339
vjepa2_rep1,conditioned,0,200,5,1.0,0.9866860201931194,0.9785370531942731,0.971907783025392,0.9665166232215894,0.07803849866852634,0.9984271002246935
vjepa2_rep1,conditioned,0,400,5,1.0,0.9856245157397042,0.9777356373205641,0.9712345857509367,0.9659775844643665,0.08426340498768507,0.9977982173365759
vjepa2_rep1,conditioned,0,600,5,1.0,0.9838451175017426,0.9763297858680828,0.970032447861402,0.9649845284495236,0.09471383154623225,0.9968384367702114
vjepa2_rep1,conditioned,0,800,5,1.0,0.9786323488231602,0.9717934526273477,0.9659672835850368,0.9613318167878464,0.125630223766467,0.9969434192497779
vjepa2_rep1,conditioned,0,980,5,1.0,0.9576612508787531,0.9554731886772723,0.9538103263082045,0.9524858442701786,0.24517243602307087,0.9628734351176093
vjepa2_rep1,conditioned,1,0,5,1.0,0.9882295886228216,0.9804541099817248,0.9741424592928509,0.9689181500815184,0.07534214181639563,1.0000630996346644
vjepa2_rep1,conditioned,1,40,5,1.0,0.9879312355110491,0.9801759932793074,0.9738836174060507,0.9686767731585787,0.07725268130505694,1.000071445579791
vjepa2_rep1,conditioned,1,100,5,1.0,0.9866896335610958,0.9790213141940268,0.9728032985193787,0.9676597885241652,0.08520789983682163,1.0000956088150885
vjepa2_rep1,conditioned,1,200,5,1.0,0.9878445921139559,0.9803334011057466,0.9742001795553153,0.9690888378976081,0.07770629229636226,0.9984856241791792
vjepa2_rep1,conditioned,1,400,5,1.0,0.9869302699301467,0.9796515431521146,0.9736849912793726,0.9686778100748127,0.08356817940280631,0.9979932179117267
vjepa2_rep1,conditioned,1,600,5,1.0,0.9853759141926572,0.9784373987158806,0.9727320687800322,0.9678920514250532,0.09357646438199493,0.997554001713268
vjepa2_rep1,conditioned,1,800,5,1.0,0.9807847799641507,0.9744931157828918,0.9693475080209589,0.9648580281887136,0.12342935797252609,0.9983223821929997
vjepa2_rep1,conditioned,1,980,5,1.0,0.9615928183888395,0.9597301831608835,0.9582098267311142,0.9569696735073047,0.24252542364441132,0.9677896810834503
vjepa2_rep1,conditioned,2,0,5,1.0,0.9870107059088068,0.9784243967859128,0.971430447471606,0.9656219792159243,0.0757003009132319,1.0001729162363366
vjepa2_rep1,conditioned,2,40,5,1.0,0.9866705628905619,0.9781120935254572,0.9711321640507412,0.9653409207124599,0.07765927790363548,1.00018488697537
vjepa2_rep1,conditioned,2,100,5,1.0,0.9852574945574076,0.9767984776374576,0.9698917179843293,0.9641693560129867,0.0858035171619309,1.0002163309643057
vjepa2_rep1,conditioned,2,200,5,1.0,0.9865958274873691,0.9783176169401606,0.9715101590871943,0.9658282417766193,0.07800133471604224,0.9990274007889557
vjepa2_rep1,conditioned,2,400,5,1.0,0.9855668905102958,0.9775503489073186,0.970911255136234,0.9653521902250131,0.08396228663396474,0.9986637238119501
vjepa2_rep1,conditioned,2,600,5,1.0,0.9838149659768707,0.9761778470180333,0.9697991747943254,0.9644413180931135,0.09413837682587081,0.99807910898264
vjepa2_rep1,conditioned,2,800,5,1.0,0.9787230737140246,0.9718120608036754,0.9659294167839089,0.9610197092250916,0.1241188187026344,0.9988911462091249
vjepa2_rep1,conditioned,2,980,5,1.0,0.956573597551998,0.9544179620371465,0.9526161352940031,0.9511325031568433,0.24847087430698797,0.9606900099017723
vjepa2_rep64,conditioned,0,0,5,1.0,0.9912591460094744,0.9834072847255461,0.9760676572454395,0.9699728600233986,0.04651397489757858,1.0008266496163725
vjepa2_rep64,conditioned,0,40,5,1.0,0.990908638756529,0.9830719799457782,0.9757590370438683,0.9696766110138824,0.04836296065088171,1.0008159153104905
vjepa2_rep64,conditioned,0,100,5,1.0,0.9894442715797065,0.9816908307523388,0.9744681009706876,0.9684506458733702,0.05609443834906334,1.0007857451163829
vjepa2_rep64,conditioned,0,200,5,1.0,0.9909759939629822,0.9835004234560347,0.9764306849275354,0.9705131306906075,0.047786568557012785,0.9992249800076057
vjepa2_rep64,conditioned,0,400,5,1.0,0.9902340054270041,0.9830930857316091,0.9762457738307201,0.9704853169789149,0.051689403922515156,0.9988271163997614
vjepa2_rep64,conditioned,0,600,5,1.0,0.9888271768939167,0.9821432261124685,0.9755990485419953,0.9700352713990902,0.059210393586750946,0.9986464314326142
vjepa2_rep64,conditioned,0,800,5,1.0,0.9838303718911829,0.9779181373935495,0.9719643804898978,0.9666656723627857,0.0863869602465942,1.0011932249615334
vjepa2_rep64,conditioned,0,980,5,1.0,0.9622770620241533,0.9601379531097272,0.9580295138263157,0.956019973684488,0.1981092417101553,0.9632572443618135
vjepa2_rep64,conditioned,1,0,5,1.0,0.9916674080183638,0.9841894673166031,0.9771064882195728,0.9711816277005044,0.04611138889195185,1.000453308774247
vjepa2_rep64,conditioned,1,40,5,1.0,0.9913178715104876,0.9838621608004137,0.9767994927312862,0.9708957675638883,0.048046957612763605,1.0004505677386133
vjepa2_rep64,conditioned,1,100,5,1.0,0.9898645302800152,0.9824995064475831,0.9755188976625033,0.9696881923756491,0.05609564914059256,1.0004462512285703
vjepa2_rep64,conditioned,1,200,5,1.0,0.991369284393823,0.984255734218577,0.9774055994839482,0.9716438508865292,0.0474776336024401,0.9982352278207313
vjepa2_rep64,conditioned,1,400,5,1.0,0.9906766102705127,0.9839019747232682,0.9772494700281003,0.9716484364074718,0.05127273318203949,0.9974364367620886
vjepa2_rep64,conditioned,1,600,5,1.0,0.9894359107826178,0.983151719719309,0.9767851152858252,0.9714158349073247,0.058184449095021185,0.996786721605205
vjepa2_rep64,conditioned,1,800,5,1.0,0.9853018714748508,0.9798872596246551,0.973980078773759,0.969008185806739,0.08156349764998316,0.9985267250908609
vjepa2_rep64,conditioned,1,980,5,1.0,0.9650133065707482,0.9631843489460189,0.9608024798497258,0.959069759033113,0.19177289272195014,0.963913406027586
vjepa2_rep64,conditioned,2,0,5,1.0,0.9913445047004391,0.9835232377250293,0.9761078252544216,0.9698783922380221,0.04554873886397017,1.0006736760123305
vjepa2_rep64,conditioned,2,40,5,1.0,0.9909808469843789,0.9831857929416282,0.9757918649811788,0.9695787283740244,0.047450896492081826,1.0006728662834077
vjepa2_rep64,conditioned,2,100,5,1.0,0.989466607163678,0.9817661680315535,0.9744591354817829,0.9683170526268342,0.05537484149295788,1.00067161940022
vjepa2_rep64,conditioned,2,200,5,1.0,0.9910940855582012,0.9836982780550872,0.9765432470067882,0.9704719433641056,0.04655527204005651,0.9980952890614091
vjepa2_rep64,conditioned,2,400,5,1.0,0.9903668461525258,0.9833481847238972,0.9764189451773418,0.9705014831576758,0.050315451393226,0.9971520826063813
vjepa2_rep64,conditioned,2,600,5,1.0,0.9890018856642012,0.9824965519754622,0.9758940529704512,0.9702017763528157,0.05750489415311136,0.9962467744455317
vjepa2_rep64,conditioned,2,800,5,1.0,0.9845494764672585,0.978906084853667,0.972886916345546,0.9676193157054551,0.08133604465364244,0.997050060310455
vjepa2_rep64,conditioned,2,980,5,1.0,0.9634193551344589,0.9614596876365097,0.9588918888298298,0.9569019473199586,0.19058185759715257,0.9594252316729758
vq_track,conditioned,0,0,5,1.0,0.9952554275110037,0.9928975489817548,0.9910730114500557,0.9896178139072214,0.0010257423274898925,0.9988483106041888
vq_track,conditioned,0,40,5,1.0,0.994202695664587,0.9918506803229233,0.9900378220018414,0.9885849510090094,0.0011713119659557028,0.9992294315878509
vq_track,conditioned,0,100,5,1.0,0.9898741236910387,0.987558306088459,0.9857800426155818,0.9843492108443761,0.001780368780920395,1.0006745307071345
vq_track,conditioned,0,200,5,1.0,0.9949995210897132,0.9927142295126414,0.9909400531651239,0.9895134218549966,0.001064806438268914,0.9986189893621162
vq_track,conditioned,0,400,5,1.0,0.9944172472196172,0.9921730521596827,0.9904339148519136,0.9890175154341567,0.001157861642407511,0.9990787384331069
vq_track,conditioned,0,600,5,1.0,0.9928494207224166,0.9906628649708618,0.9889640237907132,0.9875496869422474,0.001414538511168057,1.0002696061682153
vq_track,conditioned,0,800,5,1.0,0.9847760655427248,0.9827867533628692,0.9811374398918032,0.9796728537869774,0.002770166956183875,1.007000192370614
vq_track,conditioned,0,980,5,1.0,0.9255716313645285,0.9249932524418343,0.9252228090124699,0.924830920143219,0.027323174950138935,0.8720580208303855
vq_track,conditioned,1,0,5,1.0,0.9952554225833637,0.9928975496857033,0.9910730058184671,0.9896178160190671,0.001025742297628793,0.9988482930299725
vq_track,conditioned,1,40,5,1.0,0.9942020219858116,0.9918512786792024,0.9900336996790535,0.9885890085685295,0.0011712351484280228,0.9992110440000754
vq_track,conditioned,1,100,5,1.0,0.9898709643698856,0.987559126892484,0.9857681346216816,0.98435291854146,0.001780321513249175,1.0006350025268949
vq_track,conditioned,1,200,5,1.0,0.99500577074506,0.9927185257107245,0.9909540490704635,0.9895403499993963,0.001064454081593228,0.9986456740979521
vq_track,conditioned,1,400,5,1.0,0.9944248815417883,0.9921725432048712,0.99044780446102,0.9890625871488321,0.0011580052532422012,0.9992295680012675
vq_track,conditioned,1,600,5,1.0,0.9928890896318671,0.9906559275577684,0.9889795402249499,0.9876342790332265,0.0014142518837990015,1.0007146455968348
vq_track,conditioned,1,800,5,1.0,0.9850806514150785,0.9827559732119301,0.9811898242241563,0.9799569737627445,0.002759153499421125,1.008179349324887
vq_track,conditioned,1,980,5,1.0,0.9256813174619251,0.9249237554718767,0.9253006431972394,0.9247307116573071,0.027417635924263092,0.8733088886943449
vq_track,conditioned,2,0,5,1.0,0.9952554261031066,0.9928975510936005,0.9910730072263643,0.9896178188348613,0.001025742386782435,0.9988483174798215
vq_track,conditioned,2,40,5,1.0,0.9941976483533866,0.9918541465656501,0.9900378586071666,0.9885846384558473,0.0011726720158913343,0.9991697870342561
vq_track,conditioned,2,100,5,1.0,0.9898564918913686,0.9875564216181545,0.9857767256099506,0.9843457551608779,0.001784609994021129,1.0005438218714229
vq_track,conditioned,2,200,5,1.0,0.9949629333631251,0.992716818635458,0.9909174838702295,0.9894968945506226,0.0010746062968168934,0.9984223288292817
vq_track,conditioned,2,400,5,1.0,0.9943598134642181,0.992185166410512,0.990400126024814,0.9889781773805311,0.0011705934659710757,0.9986572331832526
vq_track,conditioned,2,600,5,1.0,0.9927559631032288,0.9906624482333121,0.9889035025169146,0.9874272815502313,0.001431593671784803,0.9994872872993813
vq_track,conditioned,2,800,5,1.0,0.9845698459228921,0.9826144556164148,0.9809530095918567,0.9790780932772619,0.002793238085285063,1.0052890638739485
vq_track,conditioned,2,980,5,1.0,0.9247165841135861,0.9249135323788632,0.9240328811107691,0.9238380647537167,0.027552136238770942,0.8703679452349101
clip_b32,conditioned,0,noise,5,1.0,0.8918177781894344,0.8867709372267554,0.8836745399239979,0.8814567175930464,0.04296374048203818,0.9264605407755928
clip_b32,conditioned,0,noise,10,1.0,0.8785886150331246,0.872110833891161,0.8681198439709835,0.8657176279454109,0.0500759184855468,0.977928325512822
clip_b32,conditioned,0,noise,20,1.0,0.817137042938024,0.8093925844943266,0.8051967328710955,0.8035208657562656,0.08850406487284165,1.0819189316543858
clip_b32,conditioned,0,noise,50,1.0,0.6248307841403565,0.6161819520659234,0.6137162810609138,0.6129775454712477,0.3483015063240599,1.5167081349947633
clip_b32,conditioned,0,noise,100,1.0,0.42834969995910116,0.42102421128589257,0.4206336754057807,0.41917850214917185,1.2590540033971545,2.4354330383244585
clip_b32,conditioned,0,noise,200,1.0,0.2584269136976857,0.25342666973023203,0.254365281659225,0.25191739028308374,4.873244326940474,4.463653260688075
clip_b32,conditioned,1,noise,5,1.0,0.894714815147162,0.8909028104847924,0.8870783276301861,0.885059023017834,0.04293570672042433,0.9258295324803544
clip_b32,conditioned,1,noise,10,1.0,0.881174643291805,0.8765826326473368,0.8713054259251484,0.8692782828455416,0.05009463726979249,0.9736406637289682
clip_b32,conditioned,1,noise,20,1.0,0.8200704226482396,0.8159131347352144,0.8089393296130009,0.8080267806756231,0.08842182696184608,1.0737501148286814
clip_b32,conditioned,1,noise,50,1.0,0.6261710057643138,0.6246926595769172,0.6161211903936904,0.6178786648575902,0.34979782572617985,1.4971780384194888
clip_b32,conditioned,1,noise,100,1.0,0.4300794082278364,0.4296560218840601,0.4219740265562737,0.4254657575005776,1.2639373593454455,2.3960038359042493
clip_b32,conditioned,1,noise,200,1.0,0.25986461301508984,0.25919967622505297,0.2530600497986166,0.2576781829183536,4.89744191399402,4.386460901398829
clip_b32,conditioned,2,noise,5,1.0,0.8904563247728533,0.8862305243619365,0.8834293454879983,0.8808538961683302,0.04377348936886602,0.922850392033903
clip_b32,conditioned,2,noise,10,1.0,0.8756430992496742,0.8702649941719817,0.8670579734643153,0.8633062655161526,0.05126752160884155,0.9692111270944422
clip_b32,conditioned,2,noise,20,1.0,0.811946355014033,0.8061038973059111,0.8033363150811147,0.7980175218935888,0.08985871779432507,1.0681739414125684
clip_b32,conditioned,2,noise,50,1.0,0.6158882580377185,0.6117055797559305,0.6100247635307249,0.6033213556109814,0.34865872308675117,1.4968489658588646
clip_b32,conditioned,2,noise,100,1.0,0.41996842923035016,0.4186510616484813,0.41720603545844104,0.41172917519664604,1.252162122400864,2.4073318823400336
clip_b32,conditioned,2,noise,200,1.0,0.25120310881059094,0.25230523285599166,0.25101915789961615,0.24778689060468123,4.843247152646324,4.420372679154278
dino_vits14,conditioned,0,noise,5,1.0,0.7806143604932533,0.7681440165791262,0.7563742584662148,0.7488886975212541,2.2841281795836084,0.8328321347787838
dino_vits14,conditioned,0,noise,10,1.0,0.7570665433059696,0.7441770458907785,0.7296920958689865,0.7225185675162586,2.742607441923455,0.9457369190418938
dino_vits14,conditioned,0,noise,20,1.0,0.6624774873025701,0.6513917855746545,0.63577251641991,0.6312468050590497,5.155851849508276,1.158267357928541
dino_vits14,conditioned,0,noise,50,1.0,0.44701941019055763,0.439721287165781,0.42670260744575295,0.42679466068755656,21.78170925604283,1.943659108935277
dino_vits14,conditioned,0,noise,100,1.0,0.28271241952713444,0.27786803417131895,0.2686202171918408,0.27013440316047677,80.50237040318208,3.4463127154631485
dino_vits14,conditioned,0,noise,200,1.0,0.16225798954095189,0.15900400816063354,0.15308919624332837,0.15446798738506717,314.514008148413,6.608063436844624
dino_vits14,conditioned,1,noise,5,1.0,0.7755852671297829,0.7631543848122545,0.752433152453093,0.74354664094555,2.338047249331688,0.834088137234186
dino_vits14,conditioned,1,noise,10,1.0,0.7507595506447403,0.7379613472628272,0.725548009455347,0.7159681346588501,2.824812417981545,0.9488290932503157
dino_vits14,conditioned,1,noise,20,1.0,0.6538788552080975,0.6427099224737505,0.6300913569099637,0.6219099340106227,5.296274148927313,1.1620895425617368
dino_vits14,conditioned,1,noise,50,1.0,0.4380307450112348,0.42939295876969885,0.4198273195730274,0.41571038867917354,22.05407877033499,1.9491537596869002
dino_vits14,conditioned,1,noise,100,1.0,0.27391940664378317,0.2667619133593962,0.2611129079319978,0.25985467308538607,81.11116462872243,3.4552968017147783
dino_vits14,conditioned,1,noise,200,1.0,0.15511033085796486,0.1492584447707609,0.1472236822838932,0.147324121840921,316.5699448699022,6.630204541578267
dino_vits14,conditioned,2,noise,5,1.0,0.7756121540931917,0.762651351968132,0.7524837635390146,0.7440572320853989,2.333460883650751,0.8327676111636961
dino_vits14,conditioned,2,noise,10,1.0,0.7525165693019452,0.7382762681560161,0.7271890905999372,0.7175620445621742,2.801512055609098,0.9475635645550571
dino_vits14,conditioned,2,noise,20,1.0,0.6579564684628341,0.6445381965644247,0.6343882578856656,0.6250667188369518,5.2743298477254505,1.1647481711785392
dino_vits14,conditioned,2,noise,50,1.0,0.4464233076029058,0.43721385300434434,0.4290144628738429,0.4226003408563997,22.137026966839045,1.9562088826136383
dino_vits14,conditioned,2,noise,100,1.0,0.283755212147796,0.27851801874189275,0.2718670467187347,0.26859589348113894,81.59220383611195,3.4621029821690654
dino_vits14,conditioned,2,noise,200,1.0,0.1634830911125638,0.16129002084501512,0.15628236861087272,0.15529149325269245,318.3206058832349,6.627728490632863
vjepa2_rep1,conditioned,0,noise,5,1.0,0.9529283751990879,0.9512305125074427,0.9500240143605057,0.9490548433204224,0.27229849010579454,0.9612248408257497
vjepa2_rep1,conditioned,0,noise,10,1.0,0.9448363379284693,0.9421973938562703,0.940662847231358,0.9392429477813433,0.3221847548610633,0.98137446679639
vjepa2_rep1,conditioned,0,noise,20,1.0,0.9059387597018754,0.9020698682521405,0.9006836252868956,0.898886079254967,0.5935050857355287,1.0312372221253785
vjepa2_rep1,conditioned,0,noise,50,1.0,0.7452427972658773,0.740100779289644,0.7396266984420413,0.737722594308158,2.4608474931366704,1.2798342761521007
vjepa2_rep1,conditioned,0,noise,100,1.0,0.5375922879382548,0.5327681808767338,0.5327971955246757,0.5314146106281411,8.890627534214829,1.8669701583150944
vjepa2_rep1,conditioned,0,noise,200,1.0,0.3290126608359151,0.32502722999754374,0.3253564862752669,0.3246695512686077,34.135363114014346,3.2416452674777148
vjepa2_rep1,conditioned,1,noise,5,1.0,0.9573297270067197,0.9559407766552995,0.9548081508706165,0.9539254915892451,0.2693017858226133,0.9663006391263904
vjepa2_rep1,conditioned,1,noise,10,1.0,0.9500086035185534,0.947982145380899,0.9465007785502164,0.9452481098248964,0.3189818101915668,0.9849900157914887
vjepa2_rep1,conditioned,1,noise,20,1.0,0.9142985438086226,0.9115023453707711,0.9100100124293664,0.9086414829218249,0.5910969903315537,1.031195267822258
vjepa2_rep1,conditioned,1,noise,50,1.0,0.7640001086164475,0.7594357406241711,0.7588120513482384,0.7578775511828048,2.4749271092236227,1.2639711172788044
vjepa2_rep1,conditioned,1,noise,100,1.0,0.5632780475971949,0.5570265197472327,0.5574764963400982,0.5567849031298071,9.006330417957576,1.8193318152467526
vjepa2_rep1,conditioned,1,noise,200,1.0,0.35424860581015943,0.3482072080143001,0.3490449632967414,0.3485810955108851,34.73539902552795,3.129819538332558
vjepa2_rep1,conditioned,2,noise,5,1.0,0.9515091093027805,0.9498707478634654,0.9485327887301912,0.9474242957101622,0.2771495469581335,0.9588282535776952
vjepa2_rep1,conditioned,2,noise,10,1.0,0.9435022343214774,0.941149965558331,0.9391557538964735,0.9378266194623914,0.3265444153150216,0.9803421647919234
vjepa2_rep1,conditioned,2,noise,20,1.0,0.9045866145971495,0.9015998002633241,0.8987733221819622,0.89816683811287,0.5994972176911713,1.0324575448757587
vjepa2_rep1,conditioned,2,noise,50,1.0,0.7477888817231931,0.7447173172619361,0.7402761853209807,0.7431571828106889,2.4827342789251,1.2876590795588598
vjepa2_rep1,conditioned,2,noise,100,1.0,0.5453631683873347,0.5438160861983777,0.5387001815460819,0.5438566955831091,9.078365660303302,1.8863815871532803
vjepa2_rep1,conditioned,2,noise,200,1.0,0.3421878510239512,0.34255429637632284,0.33799070184753044,0.34248803141020745,35.204405420489536,3.284431167546391
vjepa2_rep64,conditioned,0,noise,5,1.0,0.9574824071146065,0.9557456055081711,0.9540423188928441,0.9523956874658049,0.2230429051876684,0.9612564751249831
vjepa2_rep64,conditioned,0,noise,10,1.0,0.9458635079946481,0.9432647051813858,0.9413657025627422,0.9390455648278284,0.2875520393271621,0.9861457933283475
vjepa2_rep64,conditioned,0,noise,20,1.0,0.8956912516403691,0.8917516971298812,0.8905988954754196,0.8871827492482505,0.6138442071695392,1.0499861811526734
vjepa2_rep64,conditioned,0,noise,50,1.0,0.7037459030475184,0.6974374271666658,0.6991259984412214,0.6936826915357315,2.888563206460252,1.3737094101942697
vjepa2_rep64,conditioned,0,noise,100,1.0,0.4797988394613877,0.47303477933341276,0.47603653462352424,0.4701225268794593,10.931416268145428,2.1265681540376176
vjepa2_rep64,conditioned,0,noise,200,1.0,0.27993294497129334,0.2740024533916782,0.2765227346143988,0.2716243205023859,43.01546609909866,3.8542624973742488
vjepa2_rep64,conditioned,1,noise,5,1.0,0.9605715812011538,0.959126759156197,0.9571167424411918,0.9557326634138311,0.21597528836013954,0.9620946371025576
vjepa2_rep64,conditioned,1,noise,10,1.0,0.9527774436994328,0.9508654349271299,0.9480989008817445,0.9464843547262813,0.26197071730111615,0.9845074312764174
vjepa2_rep64,conditioned,1,noise,20,1.0,0.9146221538909051,0.912468585169036,0.9087511813383213,0.9074750485994825,0.5207078268132453,1.0381584132092674
vjepa2_rep64,conditioned,1,noise,50,1.0,0.7582580867696235,0.7570737179497288,0.7502971623827773,0.7512440369080344,2.3540931810068235,1.2988811612179487
vjepa2_rep64,conditioned,1,noise,100,1.0,0.5577071640935413,0.558032650902694,0.5477257876581846,0.5504154695270466,8.826177365798795,1.9095690773368836
vjepa2_rep64,conditioned,1,noise,200,1.0,0.35532124180220925,0.3562991676745896,0.345373016944515,0.3480405084187968,34.57822857617584,3.3346261815730665
vjepa2_rep64,conditioned,2,noise,5,1.0,0.9587467430834181,0.9571921113980919,0.9549852720726282,0.9533427186196175,0.2146965488117765,0.9573837404164096
vjepa2_rep64,conditioned,2,noise,10,1.0,0.9508314905273978,0.9488224255508505,0.9457664440469694,0.9437931431771909,0.25864501596927025,0.9805151161011257
vjepa2_rep64,conditioned,2,noise,20,1.0,0.9118484325306863,0.9096531288103328,0.905681766384003,0.9038735217418061,0.5076622699850885,1.0345566131712751
vjepa2_rep64,conditioned,2,noise,50,1.0,0.7532829802774111,0.7517359945294073,0.7464498691308936,0.7456393966069409,2.2599332069950275,1.2953771296986427
vjepa2_rep64,conditioned,2,noise,100,1.0,0.5500334394574276,0.5496456905096786,0.5442465736232883,0.5437531282066265,8.452153477771715,1.9079179491023197
vjepa2_rep64,conditioned,2,noise,200,1.0,0.3469971276491105,0.34735790040797027,0.3432995741119638,0.3413924517986145,33.119306464018386,3.338127737574747
vq_track,conditioned,0,noise,5,1.0,0.9046235965349332,0.9042275135401409,0.9045830251634241,0.9043051333725728,0.03323688229790339,0.8681522994139643
vq_track,conditioned,0,noise,10,1.0,0.8755295519944069,0.8754861028811702,0.87584776384713,0.8753270421835039,0.03838564842955876,0.8964726503006347
vq_track,conditioned,0,noise,20,1.0,0.7818429168684277,0.7829169533661446,0.7821850495972874,0.7811195854332025,0.0592258495694048,1.0016059756990838
vq_track,conditioned,0,noise,50,1.0,0.5026282685162463,0.500541346300614,0.49698067520966627,0.495837924004833,0.20539985817942502,1.5514406533297633
vq_track,conditioned,0,noise,100,1.0,0.2892753578547865,0.2825903632936057,0.27686360921118836,0.2744896911259264,0.7273107318557878,2.725066592042637
vq_track,conditioned,0,noise,200,1.0,0.1536732250461941,0.1441621306770115,0.13705300226667355,0.1335008662220824,2.8146015258045693,5.243140886244511
vq_track,conditioned,1,noise,5,1.0,0.9047690259726159,0.9041593920856764,0.9047880216726277,0.904216096902338,0.033353008265248035,0.8694867132585663
vq_track,conditioned,1,noise,10,1.0,0.8765916695870207,0.8753569642211441,0.8767114481949723,0.8757062557549203,0.03848398785504012,0.8995068111371721
vq_track,conditioned,1,noise,20,1.0,0.7853789402563472,0.7828601436611471,0.7851026154549982,0.7836729617417134,0.059142870092594356,1.007068059332077
vq_track,conditioned,1,noise,50,1.0,0.5086701398935017,0.5039083291120823,0.5036375334747253,0.5037440127344408,0.20387394319581115,1.5612039226676278
vq_track,conditioned,1,noise,100,1.0,0.2938003547078548,0.29004983124114375,0.2845241674573511,0.28766672979489666,0.7208348696776082,2.7390750668384083
vq_track,conditioned,1,noise,200,1.0,0.1582773678151856,0.15532829343975635,0.1465139644439424,0.15050295251039236,2.788413529819306,5.264095227087189
vq_track,conditioned,2,noise,5,1.0,0.903638487747398,0.9041363958459782,0.9032418035805324,0.9032152534565113,0.03349100533425313,0.8665674374549265
vq_track,conditioned,2,noise,10,1.0,0.8733973519831572,0.8742592197917313,0.8727532450311143,0.8721715557903001,0.03887572626628478,0.8955652115801956
vq_track,conditioned,2,noise,20,1.0,0.7765719833838629,0.7786587938476608,0.7757909123275878,0.7734980497837155,0.06015220823972554,1.0038905189432936
vq_track,conditioned,2,noise,50,1.0,0.4878369364973407,0.4953504867891606,0.48940742304017565,0.4821573814621577,0.20744944085140338,1.5692401399438984
vq_track,conditioned,2,noise,100,1.0,0.270287105200761,0.28044974942514433,0.2752179503330865,0.26541307998068725,0.7308129977423187,2.769592517524759
vq_track,conditioned,2,noise,200,1.0,0.1342059918315808,0.1460873949547539,0.14212350654830835,0.13110434243458624,2.818907179324736,5.33766309219404
