sample_token,scene_token,scene_name,timestamp_us,steer_norm,accel_norm
ca9a282c9e77460f8360f564131a8af5,cc8c0bf57f984915a77078b10eb33198,scene-0061,1532402927660821,0.007853981633973954,-0.057540059774625264
39586f9d59004284a7114a68825e8eec,cc8c0bf57f984915a77078b10eb33198,scene-0061,1532402928146372,0.009017534468637104,-0.06268325254543541
356d81f38dd9473ba590f39e266f54e5,cc8c0bf57f984915a77078b10eb33198,scene-0061,1532402928701409,0.010471975511965713,-0.06451250327189233
e0845f5322254dafadbbed75aaa07969,cc8c0bf57f984915a77078b10eb33198,scene-0061,1532402929201289,0.010181087303300257,-0.09461709232199542
c923fe08b2ff4e27975d2bf30934383b,cc8c0bf57f984915a77078b10eb33198,scene-0061,1532402929700779,0.010471975511965713,-0.08138495919456944
f1e3d9d08f044c439ce86a2d6fcca57b,cc8c0bf57f984915a77078b10eb33198,scene-0061,1532402930151160,0.010471975511965713,-0.06272447572260317
4f545737bf3347fbbc9af60b0be9a963,cc8c0bf57f984915a77078b10eb33198,scene-0061,1532402930645785,0.010471975511965713,-0.07152592387708914
7626dde27d604ac28a0240bdd54eba7a,cc8c0bf57f984915a77078b10eb33198,scene-0061,1532402931205642,0.012217304763959777,-0.06270745066633017
be99ffc878b24aca8956bbb4e0f97d0c,cc8c0bf57f984915a77078b10eb33198,scene-0061,1532402931700222,0.013671745807288386,-0.059720089818559995
9813c23a5f1448b09bb7910fea9baf20,cc8c0bf57f984915a77078b10eb33198,scene-0061,1532402932202343,0.018907733563271904,-0.0629294748580331
023c4df2d451409881d8e6ea82f14704,cc8c0bf57f984915a77078b10eb33198,scene-0061,1532402932645569,0.038106355335209265,-0.056452384996870296
c235638ed66145988d17f9d0601923f2,cc8c0bf57f984915a77078b10eb33198,scene-0061,1532402933145302,0.07068583470577088,-0.05738499360360333
bc3c8a953f6b4dcdb77b521d89f3d9d5,cc8c0bf57f984915a77078b10eb33198,scene-0061,1532402933645377,0.10093820840700486,-0.06534630862516272
1e3d79dae62742a0ad64c91679863358,cc8c0bf57f984915a77078b10eb33198,scene-0061,1532402934145541,0.13729923449022005,-0.08874447740279771
2afb9d32310e4546a71cbe432911eca2,cc8c0bf57f984915a77078b10eb33198,scene-0061,1532402934690574,0.2187479329166221,-0.06273228937453476
cd21dbfc3bd749c7b10a5c42562e0c42,cc8c0bf57f984915a77078b10eb33198,scene-0061,1532402935200285,0.25801784108649456,-0.07150298161213345
88449a5cb1644a199c1c11f6ac034867,cc8c0bf57f984915a77078b10eb33198,scene-0061,1532402935700749,0.26703537555513296,-0.0662027935626536
2ff86dc19c4644a1a88ce5ba848f56e5,cc8c0bf57f984915a77078b10eb33198,scene-0061,1532402936199642,0.2879793265790644,-0.049509932439004915
bf2938e43c6f487497cda76b51bfc406,cc8c0bf57f984915a77078b10eb33198,scene-0061,1532402936704668,0.2990330785083623,-0.041345275814738784
b26e791522294bec90f86fd72226e35c,cc8c0bf57f984915a77078b10eb33198,scene-0061,1532402937199767,0.32841278758359993,-0.0010624954287099379
c844bf5a9f2243ff8f4bf2c85fe218ff,cc8c0bf57f984915a77078b10eb33198,scene-0061,1532402937694490,0.34063009234755975,-0.002754362191436366
fedfb3a6cb804635a0f47143f9ca8d6f,cc8c0bf57f984915a77078b10eb33198,scene-0061,1532402938200304,0.34063009234755975,-0.017827154698179505
965f6af5a92449348409029a5f048a38,cc8c0bf57f984915a77078b10eb33198,scene-0061,1532402938644274,0.3336487753395821,-0.034585668542364965
4711bcd34644420da8bc77163431888e,cc8c0bf57f984915a77078b10eb33198,scene-0061,1532402939144466,0.3063052837250054,-0.035853170076919676
a34fabc7aa674713b71f98ec541eb2d4,cc8c0bf57f984915a77078b10eb33198,scene-0061,1532402939699200,0.2929244261263811,-0.0894196477193191
c78067571d104caba7c568a847d56971,cc8c0bf57f984915a77078b10eb33198,scene-0061,1532402940199335,0.23736477827122857,-0.09776226145487657
4246e57f018745c9b2bc68feb3d71b58,cc8c0bf57f984915a77078b10eb33198,scene-0061,1532402940799138,0.20798506919599094,-0.06298683442718475
a7acb150914b40bdad9a2dc4e657cbf9,cc8c0bf57f984915a77078b10eb33198,scene-0061,1532402941298988,0.19605865264069663,-0.059423733455069364
0cd661df01aa40c3bb3a773ba86f753a,cc8c0bf57f984915a77078b10eb33198,scene-0061,1532402941803847,0.12420926510026259,-0.05405099819615643
378a3a3e9af346308ab9dff8ced46d9c,cc8c0bf57f984915a77078b10eb33198,scene-0061,1532402942199002,0.0529416539771608,-0.04348538998514081
eef55c3b48f34d949959b45130ee293a,cc8c0bf57f984915a77078b10eb33198,scene-0061,1532402942703512,0.015998851476614687,-0.020452428340671933
5fda58ee3ae44ab9b4bbac7a2de66c27,cc8c0bf57f984915a77078b10eb33198,scene-0061,1532402943193923,0.006981317007977582,-0.023328110182061247
919e3c4cec934168a3152077a9adcbea,cc8c0bf57f984915a77078b10eb33198,scene-0061,1532402943703316,0.005526875964648975,-0.028002329810758925
b73152cab88f49d9ba195da81fde1809,cc8c0bf57f984915a77078b10eb33198,scene-0061,1532402944203520,0.022689280275926815,-0.014271611372458526
6aa6fa91e0d1492e812eb7e57c47df6e,cc8c0bf57f984915a77078b10eb33198,scene-0061,1532402944703643,0.1082104136236479,-0.01629824732929801
aa581aac963a4fad848ac11fe66e8637,cc8c0bf57f984915a77078b10eb33198,scene-0061,1532402945203484,0.25045474766118603,-0.022226309493529852
67e5f88901214f3aa03d68e028185e22,cc8c0bf57f984915a77078b10eb33198,scene-0061,1532402945698393,0.3115412714809876,-0.018742329099004664
29e056fc277543c9bc42310b122c640e,cc8c0bf57f984915a77078b10eb33198,scene-0061,1532402946303358,0.3871722057340752,-0.055496315035824154
ed5fc18c31904f96a8f0dbb99ff069c0,cc8c0bf57f984915a77078b10eb33198,scene-0061,1532402946802781,0.5107996944170069,-0.11067336267235754
3e8750f331d7499e9b5123e9eb70f2e2,fcbccedd61424f1b85dcbf8f897f9754,scene-0103,1533151603557250,-0.02645883106991967,-0.06069415191564662
3950bd41f74548429c0f7700ff3d8269,fcbccedd61424f1b85dcbf8f897f9754,scene-0103,1533151604042022,-0.04478478821585934,-0.05828334088711
c5f58c19249d4137ae063b0e9ecd8b8e,fcbccedd61424f1b85dcbf8f897f9754,scene-0103,1533151604541667,-0.05351143447583098,-0.02941661695058183
700c1a25559b4433be532de3475e58a9,fcbccedd61424f1b85dcbf8f897f9754,scene-0103,1533151605042217,-0.050311664180508316,-0.02656664123396063
747aa46b9a4641fe90db05d97db2acea,fcbccedd61424f1b85dcbf8f897f9754,scene-0103,1533151605546067,-0.04449390000719388,-0.02200765836812287
f4f86af4da3b49e79497deda5c5f223a,fcbccedd61424f1b85dcbf8f897f9754,scene-0103,1533151606051706,-0.050311664180508316,-0.029947871127812192
6832e717621341568c759151b5974512,fcbccedd61424f1b85dcbf8f897f9754,scene-0103,1533151606551262,-0.044203011798528424,-0.01776987437820674
c59e60042a8643e899008da2e446acca,fcbccedd61424f1b85dcbf8f897f9754,scene-0103,1533151607051197,-0.02704060748725058,0.009226149114622878
fa65a298c01f44e7a182bbf9e5fe3697,fcbccedd61424f1b85dcbf8f897f9754,scene-0103,1533151607551225,-0.01773218480994802,0.011752047629209516
a98fba72bde9433fb882032d18aedb2e,fcbccedd61424f1b85dcbf8f897f9754,scene-0103,1533151608041631,0.0005937723359929686,-0.027486511446783556
b6b0d9f2f2e14a3aaa2c8aedeb1edb69,fcbccedd61424f1b85dcbf8f897f9754,scene-0103,1533151608542273,1.1995918662054591e-05,-0.18678272222533257
796b1988dd254f74bf2fb19ba9c5b8c6,fcbccedd61424f1b85dcbf8f897f9754,scene-0103,1533151609041425,-0.004642215419990549,-0.277728434863485
0d0700a2284e477db876c3ee1d864668,fcbccedd61424f1b85dcbf8f897f9754,scene-0103,1533151609541308,-0.004642215419990549,-0.27870665845159937
de7593d76648450e947ba0c203dee1b0,fcbccedd61424f1b85dcbf8f897f9754,scene-0103,1533151609940732,-0.004933103628656006,-0.2770422513671545
f753d3f87e5b40af87ff2cbf7c8e7082,fcbccedd61424f1b85dcbf8f897f9754,scene-0103,1533151610441104,-0.004933103628656006,-0.27430011138482935
b22fa0b3c34f47b6a360b60f35d5d567,fcbccedd61424f1b85dcbf8f897f9754,scene-0103,1533151610940539,-0.004933103628656006,-0.19787588666403927
0a0d6b8c2e884134a3b48df43d54c36a,fcbccedd61424f1b85dcbf8f897f9754,scene-0103,1533151611440201,-0.004933103628656006,-0.08279646248864032
8e9c2cba0ee74056aa3746e8391d54a9,fcbccedd61424f1b85dcbf8f897f9754,scene-0103,1533151611895829,-0.011041756010635895,-0.006461285357249595
fdc39b23ab4242eda6ec5e1e6574fe33,fcbccedd61424f1b85dcbf8f897f9754,scene-0103,1533151612394962,-0.011041756010635895,0.007548547946523895
9ee4020153674b9e9943d395ff8cfdf3,fcbccedd61424f1b85dcbf8f897f9754,scene-0103,1533151612895481,0.01019308322196231,0.042377699840736575
5b03af7a953245b5a3b23191ed4da62a,fcbccedd61424f1b85dcbf8f897f9754,scene-0103,1533151613400383,0.01048397143062777,0.060369499211133784
d0ecf474e0e64950aa265cd44b9c9d75,fcbccedd61424f1b85dcbf8f897f9754,scene-0103,1533151613955107,0.002629989796652491,0.0759581343139349
456ec36cb4a44ca78f36fbd90c0c34fa,fcbccedd61424f1b85dcbf8f897f9754,scene-0103,1533151614454840,0.0023391015879870337,0.08790976226900543
6bfd42cf0aba4f1a94ec11fa43e2dd92,fcbccedd61424f1b85dcbf8f897f9754,scene-0103,1533151614954718,0.0023391015879870337,0.09192886283252269
0af0feb5b1394b928dd13d648de898f5,fcbccedd61424f1b85dcbf8f897f9754,scene-0103,1533151615454897,-0.0020242215419987906,0.10109457110253164
61d9340c5ad8418dafe7a4af1b96e6b9,fcbccedd61424f1b85dcbf8f897f9754,scene-0103,1533151615944536,-0.006387544671984613,0.10383931178188895
9e7683e8586542a1b6032980c45f15ce,fcbccedd61424f1b85dcbf8f897f9754,scene-0103,1533151616444442,-0.008132873923978679,0.10558989723281653
cc57c1ea80fe46a7abddfdb15654c872,fcbccedd61424f1b85dcbf8f897f9754,scene-0103,1533151616944575,-0.00929642675864183,0.09712265934095378
4cf5d6c3f6ab42aab23f67b5a9782d1a,fcbccedd61424f1b85dcbf8f897f9754,scene-0103,1533151617399220,-0.00929642675864183,0.0943398231138684
6d9984d09d52479e837da2fd09e192cc,fcbccedd61424f1b85dcbf8f897f9754,scene-0103,1533151617944519,-0.006387544671984613,0.09104200527221942
38a28a3aaf2647f2a8c0e90e31267bf8,fcbccedd61424f1b85dcbf8f897f9754,scene-0103,1533151618443989,-0.003478662585327398,0.0837694998615242
6402fd1ffaf041d0b9162bd92a7ba0a2,fcbccedd61424f1b85dcbf8f897f9754,scene-0103,1533151618944094,-0.0031877743766619408,0.08699754902899293
ce94ef7a0522468e81c0e2b3a2f1e12d,fcbccedd61424f1b85dcbf8f897f9754,scene-0103,1533151619444082,-0.0031877743766619408,0.0802123408101874
9fcdc52b791045e99c623c5fc643331f,fcbccedd61424f1b85dcbf8f897f9754,scene-0103,1533151619944080,-0.0014424451246665534,0.05854597044226302
1c9a906c40f6417bbe1cea06d6e55501,fcbccedd61424f1b85dcbf8f897f9754,scene-0103,1533151620453637,0.004375319048647879,0.0485727683163654
a771effa2a2648d78096c3e92b95b129,fcbccedd61424f1b85dcbf8f897f9754,scene-0103,1533151621053543,0.0032117662139847275,0.04109900448478165
b9ea04a6121d4a8bb00199b885aa5ef0,fcbccedd61424f1b85dcbf8f897f9754,scene-0103,1533151621453356,0.0023391015879870337,0.03242896789898894
87e772078a494d42bd34cd16172808bc,fcbccedd61424f1b85dcbf8f897f9754,scene-0103,1533151621943587,0.0017573251706561193,0.0184002494860367
f40544fd4f5d42abbcfa948eeaf86850,fcbccedd61424f1b85dcbf8f897f9754,scene-0103,1533151622453533,0.0014664369619906623,0.004802820973116314
281b92269fd648d4b52d06ac06ca6d65,fcbccedd61424f1b85dcbf8f897f9754,scene-0103,1533151622952972,0.0011755487533238827,0.010986602126158589
8687ba92abd3406aa797115b874ebeba,6f83169d067343658251f72e1dd17dbc,scene-0553,1535489296053994,0.043645227218520294,0.014143190520152329
5bbeb4e68d51413f81a370cb33ef27fb,6f83169d067343658251f72e1dd17dbc,scene-0553,1535489296543803,0.043354339009853506,0.015260269077426008
e9a1c915c0d641d0b0a3019112a1ee90,6f83169d067343658251f72e1dd17dbc,scene-0553,1535489297044191,0.043354339009853506,0.013853674514475094
f5b8088835f247b8a5434a9f0daadc20,6f83169d067343658251f72e1dd17dbc,scene-0553,1535489297543608,0.043063450801188057,0.014373874870895675
2021b6b367984ad7b18464a550d0ae8d,6f83169d067343658251f72e1dd17dbc,scene-0553,1535489298043446,0.0418998979665249,0.014135697153377081
7315022fc89147a6afc7f978601f8f38,6f83169d067343658251f72e1dd17dbc,scene-0553,1535489298543181,0.0418998979665249,0.01509942872744767
dc03fe4e0a374592af7701c66d5276c4,6f83169d067343658251f72e1dd17dbc,scene-0553,1535489299043184,0.04102723334052853,0.013590402169932486
b7f64f73e8a548488e6d85d9b0e13242,6f83169d067343658251f72e1dd17dbc,scene-0553,1535489299543289,0.040736345131863076,0.014666278269134192
6dabc0fb1df045558f802246dd186b3f,6f83169d067343658251f72e1dd17dbc,scene-0553,1535489300043333,0.040736345131863076,0.013783748011730285
82597244941b4e79aa3e1e9cc6386f8b,6f83169d067343658251f72e1dd17dbc,scene-0553,1535489300543427,0.040736345131863076,0.016155208452655705
8bf071b1b92c4ff1bd5016bfb30de3f7,6f83169d067343658251f72e1dd17dbc,scene-0553,1535489301043177,0.040736345131863076,0.013931804452574465
b8766f4291d5449d95bab459ca724ad8,6f83169d067343658251f72e1dd17dbc,scene-0553,1535489301543026,0.040736345131863076,0.01579285718835006
dde297c8e12f44c4bc2f2c80e49d2b5a,6f83169d067343658251f72e1dd17dbc,scene-0553,1535489302042904,0.040736345131863076,0.013706293947397937
a0462df7186d4ca99ef58f455d53a42c,6f83169d067343658251f72e1dd17dbc,scene-0553,1535489302543034,0.040736345131863076,0.01528467293041691
d7bea9a3552b40e29d42324108dff575,6f83169d067343658251f72e1dd17dbc,scene-0553,1535489303043022,0.040736345131863076,0.013541710637314958
3ffc4360d1084e6eae5067e87d79503f,6f83169d067343658251f72e1dd17dbc,scene-0553,1535489303442255,0.04102723334052853,0.014537952180004357
05bc09f952ab4cf8b754405f20d503c5,6f83169d067343658251f72e1dd17dbc,scene-0553,1535489303942087,0.040736345131863076,0.014853731991994804
a860c02c06e54d9dbe83ce7b694f6c17,6f83169d067343658251f72e1dd17dbc,scene-0553,1535489304442359,0.040736345131863076,0.014961395429858687
6873840fc1df4796a7b959e13e9fb78a,6f83169d067343658251f72e1dd17dbc,scene-0553,1535489304942264,0.04102723334052853,0.014525270907076065
4ae9c033164e4e01a0392672686d095c,6f83169d067343658251f72e1dd17dbc,scene-0553,1535489305442246,0.04102723334052853,0.014459419954087449
ecd49e3c38624c77b8aac8df445d49ba,6f83169d067343658251f72e1dd17dbc,scene-0553,1535489305942232,0.041318121549193995,0.013986939942408998
ac452a60e8b34a7080c938c904b23057,6f83169d067343658251f72e1dd17dbc,scene-0553,1535489306441557,0.04102723334052853,0.014749632204108987
27900b9c3cfb48ed8b49087098d4a15a,6f83169d067343658251f72e1dd17dbc,scene-0553,1535489306941717,0.041318121549193995,0.014999062002849315
c4f9b75136384ec4a76c4adfc28b4259,6f83169d067343658251f72e1dd17dbc,scene-0553,1535489307441765,0.041318121549193995,0.014290688930450851
a572dd2e95e94e4db66bb5dbfaf870b5,6f83169d067343658251f72e1dd17dbc,scene-0553,1535489307942957,0.041318121549193995,0.015134656703608165
313a60afcab5481a94a4815e0d1a6496,6f83169d067343658251f72e1dd17dbc,scene-0553,1535489308396455,0.041318121549193995,0.01442782761036757
d2ae3c5bbb5343a393882b44d56f8da3,6f83169d067343658251f72e1dd17dbc,scene-0553,1535489308896611,0.041318121549193995,0.01475407547036559
59bd7a9fae8a45bcb76f1847cf09e000,6f83169d067343658251f72e1dd17dbc,scene-0553,1535489309396084,0.041318121549193995,0.013996494739883306
37535cd306954669a2b21578573b93e3,6f83169d067343658251f72e1dd17dbc,scene-0553,1535489309896432,0.041318121549193995,0.015002942388462295
3a064c48e47b489a8b442b8081f877b6,6f83169d067343658251f72e1dd17dbc,scene-0553,1535489310396077,0.041318121549193995,0.014548411251407475
d3c0bbf933594f7184e20d761b6416f4,6f83169d067343658251f72e1dd17dbc,scene-0553,1535489310941235,0.041318121549193995,0.015413481187274179
31812a5e8d514b5f8d2fbc50fc007475,6f83169d067343658251f72e1dd17dbc,scene-0553,1535489311395635,0.041318121549193995,0.014073563344210708
32e2619879854a83953c08ec8557f3bb,6f83169d067343658251f72e1dd17dbc,scene-0553,1535489311896166,0.04160900975785945,0.014920180559329777
4d7cf1ad5f9c4842bb6f135e058deed4,6f83169d067343658251f72e1dd17dbc,scene-0553,1535489312395668,0.04160900975785945,0.01463698908034318
c143943fd6e246448eab88ce1a0aeda9,6f83169d067343658251f72e1dd17dbc,scene-0553,1535489312895761,0.04160900975785945,0.01402176716624184
47188ae2bc8c4faf83c909b135701176,6f83169d067343658251f72e1dd17dbc,scene-0553,1535489313400476,0.04160900975785945,0.015266292401904313
a5f101af325144bd8b8f67694766e255,6f83169d067343658251f72e1dd17dbc,scene-0553,1535489313900197,0.04160900975785945,0.014016925224196083
6f114ec641f8426399b69e844c0dfd62,6f83169d067343658251f72e1dd17dbc,scene-0553,1535489314400364,0.0418998979665249,0.015415157464299747
ed5b84e7ea6f434e99d7816b37d15f2f,6f83169d067343658251f72e1dd17dbc,scene-0553,1535489314900577,0.0418998979665249,0.013243614524492714
739b12938d0e410d9b8fc832dfad5510,6f83169d067343658251f72e1dd17dbc,scene-0553,1535489315455184,0.0418998979665249,0.015519379041992068
dcbe451d383e450786aaad04ab9d3790,6f83169d067343658251f72e1dd17dbc,scene-0553,1535489315945299,0.04219078617519168,0.013564201443069487
5991fad3280c4f84b331536c32001a04,bebf5f5b2a674631ab5c88fd1aa9e87a,scene-0655,1535385092157238,-0.0008606687073356394,-0.017915959328969402
2578329fc3ae484bb23ef766808f4be5,bebf5f5b2a674631ab5c88fd1aa9e87a,scene-0655,1535385092701893,-0.0008606687073356394,0.07256259400271728
8057958576034e51bac9bdc5740128d5,bebf5f5b2a674631ab5c88fd1aa9e87a,scene-0655,1535385093202470,0.0011755487533238827,0.074179967487189
23799328f65843fc9e0c71f2bfbe90ef,bebf5f5b2a674631ab5c88fd1aa9e87a,scene-0655,1535385093646725,0.0029208780053192706,0.026153834356510596
6af01b48aec7475eac1f8e9add0276ff,bebf5f5b2a674631ab5c88fd1aa9e87a,scene-0655,1535385094147056,0.0029208780053192706,0.004800667136999044
df7066fa5f0d4b708982747cc3feed14,bebf5f5b2a674631ab5c88fd1aa9e87a,scene-0655,1535385094547074,0.0035026544226501844,-0.0041345933508602105
5f6cc6483988439a824cec99e28bb5b9,bebf5f5b2a674631ab5c88fd1aa9e87a,scene-0655,1535385094946802,0.0035026544226501844,-0.0034117858985578827
c9304cf98aad4ff0bb5b0cff0aab65d2,bebf5f5b2a674631ab5c88fd1aa9e87a,scene-0655,1535385095447030,0.0035026544226501844,-0.012869442546700804
79937d5eae1d450499677a0dcffa210c,bebf5f5b2a674631ab5c88fd1aa9e87a,scene-0655,1535385095946567,0.0035026544226501844,-0.008942982821747141
5c85640c10d9485c86bf6eb44778c002,bebf5f5b2a674631ab5c88fd1aa9e87a,scene-0655,1535385096401645,0.0035026544226501844,0.01475469175595788
91d9058720eb4c25a172236e14e11085,bebf5f5b2a674631ab5c88fd1aa9e87a,scene-0655,1535385096901530,0.0029208780053192706,-0.0007180936633470888
9768a199e4884a0db50d015703efe969,bebf5f5b2a674631ab5c88fd1aa9e87a,scene-0655,1535385097401605,-0.006096656463319157,-0.006781751771465926
39bc0a6b3692446d8ba3bde3d6a0774e,bebf5f5b2a674631ab5c88fd1aa9e87a,scene-0655,1535385097901339,-0.014823302723290804,-0.0056502458268327385
f6ef25ab02c0483b9df411ed84873f41,bebf5f5b2a674631ab5c88fd1aa9e87a,scene-0655,1535385098400977,-0.016277743766619415,-0.056428660986670355
576f17c305324ed7bf460f0110617355,bebf5f5b2a674631ab5c88fd1aa9e87a,scene-0655,1535385098900966,-0.016859520183950327,-0.060809548866082405
0fa505e5dd804d3b9f9f076d23b28d6d,bebf5f5b2a674631ab5c88fd1aa9e87a,scene-0655,1535385099401234,-0.01395063809729311,-0.0038947286928978585
447c96d132e9494e8b03050e8dcae124,bebf5f5b2a674631ab5c88fd1aa9e87a,scene-0655,1535385099901478,-0.008714650341309594,0.05465664686171158
baaa60749cd04db7952fd8f4ef8ac837,bebf5f5b2a674631ab5c88fd1aa9e87a,scene-0655,1535385100400901,-0.0008606687073356394,0.049561633510522625
d7387fb5a21d40a990a5842cca61af1c,bebf5f5b2a674631ab5c88fd1aa9e87a,scene-0655,1535385100900770,0.00030288412732751145,0.062174122419662955
252b65dd79ce4712af1b898b64ea3b98,bebf5f5b2a674631ab5c88fd1aa9e87a,scene-0655,1535385101400816,0.01862884127326718,-0.04685198765263515
0d7263a5b8264cad996582d6219ef1f2,bebf5f5b2a674631ab5c88fd1aa9e87a,scene-0655,1535385101946518,0.020083282316595785,-0.21867033539314798
8017a35b9b5e476289a89bd098a4a1d1,bebf5f5b2a674631ab5c88fd1aa9e87a,scene-0655,1535385102446428,0.020083282316595785,-0.13488888301914023
8580e9a249b64b59bead9d80c0e13e8b,bebf5f5b2a674631ab5c88fd1aa9e87a,scene-0655,1535385102946672,0.01601084739527674,-0.08888632820952819
5f3fc3c1d08b47cabc1bbca600abbfa8,bebf5f5b2a674631ab5c88fd1aa9e87a,scene-0655,1535385103446585,0.006411536509307401,0.0053519544289437814
7ff999a1242e4573a81dd3a6f0c158a2,bebf5f5b2a674631ab5c88fd1aa9e87a,scene-0655,1535385103946591,-0.020931955105270694,0.1070167297657106
0402e40724984f3b833496067d46c771,bebf5f5b2a674631ab5c88fd1aa9e87a,scene-0655,1535385104446553,-0.01656863197528487,0.12764335995969173
6e004695af1549c398a52b5c95e22060,bebf5f5b2a674631ab5c88fd1aa9e87a,scene-0655,1535385104941172,-0.03256748345189956,0.1097286529337376
ba2491f55619445e9d2e472f39f3b01b,bebf5f5b2a674631ab5c88fd1aa9e87a,scene-0655,1535385105446313,-0.017150408392615783,0.08840379838203002
2e024439286d469f8f743fe9266c0e56,bebf5f5b2a674631ab5c88fd1aa9e87a,scene-0655,1535385105945844,-0.0037695507939928554,0.03391878156209348
ff007cb7b78443e6887401d694f0d369,bebf5f5b2a674631ab5c88fd1aa9e87a,scene-0655,1535385106451047,-0.0031877743766619408,-0.008613925972182749
b2e2ffeabf91451cb31a79649bfd95df,bebf5f5b2a674631ab5c88fd1aa9e87a,scene-0655,1535385106946066,-0.0026059979593297043,-0.029806794231016155
21342b260f964064855aa8ad1e741a22,bebf5f5b2a674631ab5c88fd1aa9e87a,scene-0655,1535385107446055,-0.0026059979593297043,-0.011653629076432552
9a0a16d628ae41d1ab25c9cdfc66d6a1,bebf5f5b2a674631ab5c88fd1aa9e87a,scene-0655,1535385107955732,-0.0023151097506642474,0.05291974401934611
521cde13efcc4f7cb5f93db99cce30f4,bebf5f5b2a674631ab5c88fd1aa9e87a,scene-0655,1535385108445640,-0.0011515569160010966,0.03542382583601037
96d915e8b7e44bacba3c78e76a924e5c,bebf5f5b2a674631ab5c88fd1aa9e87a,scene-0655,1535385108946161,0.0032117662139847275,-0.009059410660590317
e426ccb3e7874894b16e06774ae5ec42,bebf5f5b2a674631ab5c88fd1aa9e87a,scene-0655,1535385109400360,0.004084430839981099,-0.017029910143130794
c5a8f6d7a0fe4858b318aeac2524098f,bebf5f5b2a674631ab5c88fd1aa9e87a,scene-0655,1535385109899844,0.004375319048647879,-0.006940009490355878
ed1eee39e3dd4c30a3d932e3ceaa92c2,bebf5f5b2a674631ab5c88fd1aa9e87a,scene-0655,1535385110445302,0.007284201135305094,0.007729915641993363
728e3e32df3c413389cb7e233de96ac4,bebf5f5b2a674631ab5c88fd1aa9e87a,scene-0655,1535385110944110,0.007865977552636008,0.019814729893125275
9c56003504024697a5c8d1cb9355a335,bebf5f5b2a674631ab5c88fd1aa9e87a,scene-0655,1535385111444344,0.0032117662139847275,-0.003453744117550211
35833ae5808e4ef186d1fdebac3d9cf6,bebf5f5b2a674631ab5c88fd1aa9e87a,scene-0655,1535385111954813,-0.014823302723290804,-0.24691494938746095
cd9964f8c3d34383b16e9c2997de1ed0,2fc3753772e241f2ab2cd16a784cc680,scene-0757,1535657108304224,-0.08056403788174363,-0.015919121459902652
9ab95de13c2d432ebb678ebb5da1ac5e,2fc3753772e241f2ab2cd16a784cc680,scene-0757,1535657108800076,-0.0654378510311253,-0.014549245656502983
4a61e56dd1ee4c159cc595b52aa2a254,2fc3753772e241f2ab2cd16a784cc680,scene-0757,1535657109298989,-0.0337310362865627,-0.028282846505440655
8c0372d87281421aba897bec0084d0da,2fc3753772e241f2ab2cd16a784cc680,scene-0757,1535657109801253,-0.020931955105270694,-0.05188089624773532
ebce5a3b3484446580028d6538e69a81,2fc3753772e241f2ab2cd16a784cc680,scene-0757,1535657110194046,-0.017441296601281242,-0.08626326747995142
12e1aa58e9d04068a33f37b896b901a3,2fc3753772e241f2ab2cd16a784cc680,scene-0757,1535657110653453,-0.06834673311778253,-0.09286910736425205
407969e29bf741f184bf8405af03588e,2fc3753772e241f2ab2cd16a784cc680,scene-0757,1535657111143358,-0.09859910681901783,-0.0847825777861027
f4163d8adea94bcf892e005d5d2937a8,2fc3753772e241f2ab2cd16a784cc680,scene-0757,1535657111644008,-0.04274857075519981,-0.07998492220959932
e122a34ec57c4edf8311b40c3f85f863,2fc3753772e241f2ab2cd16a784cc680,scene-0757,1535657112143713,-0.05060255238917377,-0.08250364237686772
8366b5125ac945f3b93153cfa39f1677,2fc3753772e241f2ab2cd16a784cc680,scene-0757,1535657112643524,-0.02151373152260161,-0.08162275134284189
6b7487db4612438db7d446e2832a9e2e,2fc3753772e241f2ab2cd16a784cc680,scene-0757,1535657113143481,-0.018313961227278935,-0.08715445822746141
0307afa1ec7e48ce90295acabf8cb6dd,2fc3753772e241f2ab2cd16a784cc680,scene-0757,1535657113642924,-0.006678432880650072,-0.08702703055082311
3d9b4a27209e4624b491f48144be21d6,2fc3753772e241f2ab2cd16a784cc680,scene-0757,1535657114142806,-0.007551097506647765,-0.08502899693496754
73eb876167f4419a9a6ec1a601abdcaf,2fc3753772e241f2ab2cd16a784cc680,scene-0757,1535657114643323,-0.06252896894446809,-0.07514751961855569
348c8122f47349429a6cd694dcac86e6,2fc3753772e241f2ab2cd16a784cc680,scene-0757,1535657115143092,-0.11430707008696706,-0.10942627065686132
7ae00681137b40f5bd7bef3823a82ee2,2fc3753772e241f2ab2cd16a784cc680,scene-0757,1535657115643136,-0.15764941317815984,-0.13838284225568573
8b6d496ed9d84469b75836ca1c56959f,2fc3753772e241f2ab2cd16a784cc680,scene-0757,1535657116143053,-0.18790178687939516,-0.13328608715684903
a9def8f915cf4bfe9c74b864384ec6c7,2fc3753772e241f2ab2cd16a784cc680,scene-0757,1535657116642713,-0.20011909164335492,-0.10852901687993137
3d22d2c87c5b483a914c7e8125326013,2fc3753772e241f2ab2cd16a784cc680,scene-0757,1535657117142840,-0.20651863223400027,-0.07494758227923135
286532245ff646a9915070c8b402e487,2fc3753772e241f2ab2cd16a784cc680,scene-0757,1535657117642751,-0.2071004086513325,-0.021069820880905546
73e2b7fb98ef41aface277a968d65941,2fc3753772e241f2ab2cd16a784cc680,scene-0757,1535657118141785,-0.20680952044266707,-0.03221752225212869
c537fef0b4b241df92f44daa976fe5b3,2fc3753772e241f2ab2cd16a784cc680,scene-0757,1535657118642400,-0.2062277440253348,-0.035410433513265546
d68668cb98fe4be5a00f58b5ac8a0a7d,2fc3753772e241f2ab2cd16a784cc680,scene-0757,1535657119157432,-0.20593685581666935,-0.03428010357884004
00889f8a9549450aa2f32cf310a3e305,2fc3753772e241f2ab2cd16a784cc680,scene-0757,1535657119646958,-0.20535507939933842,-0.035052406123735516
dd8d85a47000418e849e4cb2f2a3f45f,2fc3753772e241f2ab2cd16a784cc680,scene-0757,1535657120147152,-0.20506419119067165,-0.03479897327669011
c15f8261acfd4013a735798770fad71a,2fc3753772e241f2ab2cd16a784cc680,scene-0757,1535657120646664,-0.20506419119067165,-0.03449753436579274
0373e9d8886648779c8a73304919ab5f,2fc3753772e241f2ab2cd16a784cc680,scene-0757,1535657121147032,-0.20448241477334075,-0.034822053771012655
a5addc41b07842768a2183abdd01cff8,2fc3753772e241f2ab2cd16a784cc680,scene-0757,1535657121646932,-0.20448241477334075,-0.03511540656996326
46292fc546f048f29520299220f22798,2fc3753772e241f2ab2cd16a784cc680,scene-0757,1535657122146853,-0.20448241477334075,-0.03407925069209599
9ecb1b79dbe140ca860efc4adebe854b,2fc3753772e241f2ab2cd16a784cc680,scene-0757,1535657122646737,-0.20448241477334075,-0.0354066565817565
bad8a002637046178fe0f8216e5bc355,2fc3753772e241f2ab2cd16a784cc680,scene-0757,1535657123146162,-0.20390063835600983,-0.03419137663620303
4d8ff5b287bb4e1ba6d0a0f79fc74457,2fc3753772e241f2ab2cd16a784cc680,scene-0757,1535657123646604,-0.20360975014734306,-0.03514008562236739
af8c2d8187aa463eab3cccbd6abc1573,2fc3753772e241f2ab2cd16a784cc680,scene-0757,1535657124145740,-0.20302797373001213,-0.03359231888013603
73ccc9c10a3547849b8ff130d50bac98,2fc3753772e241f2ab2cd16a784cc680,scene-0757,1535657124646191,-0.20215530910401444,-0.0343829385305801
e3bcde4a06124931a097ef2a211aaaef,2fc3753772e241f2ab2cd16a784cc680,scene-0757,1535657125146012,-0.20157353268668354,-0.03485983488632298
9e6ce5a26025462fbd9bdac2d18c07eb,2fc3753772e241f2ab2cd16a784cc680,scene-0757,1535657125646252,-0.20157353268668354,-0.03449000995796165
1b90013f0287408f9371729424c93892,2fc3753772e241f2ab2cd16a784cc680,scene-0757,1535657126145576,-0.20099175626935262,-0.03495204890375089
ca0a3858c31e4281866e2b2a7f7c0db0,2fc3753772e241f2ab2cd16a784cc680,scene-0757,1535657126645598,-0.20070086806068585,-0.034212318969467526
2c3e2cfc699f4ca78cc77dc3161d1763,2fc3753772e241f2ab2cd16a784cc680,scene-0757,1535657127155561,-0.20011909164335492,-0.03420001694887201
f3e7e088082d4aabb9a3bf504d4ac904,2fc3753772e241f2ab2cd16a784cc680,scene-0757,1535657127655559,-0.20011909164335492,-0.033974710939305076
8fe9664cec514a58b1184c4fcefda6b5,2fc3753772e241f2ab2cd16a784cc680,scene-0757,1535657128145740,-0.20011909164335492,-0.03439365077297337
c1676a2feac74eee8aa38ca3901787d6,c5224b9b454b4ded9b5d2d2634bbda8a,scene-0796,1538448744451997,-0.009308422677302561,-0.016181878240686256
d6b0de49811b4d1b86a0933719c0c44a,c5224b9b454b4ded9b5d2d2634bbda8a,scene-0796,1538448745047020,-0.009308422677302561,-0.017376815532546813
6d5d0e60cbf4429d8b6cfa055924e5ca,c5224b9b454b4ded9b5d2d2634bbda8a,scene-0796,1538448745546875,0.004363323129985824,-0.019915578686073222
a51146d2b181450292623ec03ade9f03,c5224b9b454b4ded9b5d2d2634bbda8a,scene-0796,1538448746046639,0.004363323129985824,-0.04710468164461577
092051710b7b4d9294e98dcb3f0f7be1,c5224b9b454b4ded9b5d2d2634bbda8a,scene-0796,1538448746546591,0.0046542113386526035,-0.06452179247819556
feaef544d11646ed806b53d9e1f39cd9,c5224b9b454b4ded9b5d2d2634bbda8a,scene-0796,1538448747046591,0.006399540590646669,-0.07287288912291498
dca2cc206bb34bc197ae8ebdaed22f35,c5224b9b454b4ded9b5d2d2634bbda8a,scene-0796,1538448747546484,0.006981317007977582,-0.06826302493114114
fe42b85d7f7a4107b650ffa993a4fbff,c5224b9b454b4ded9b5d2d2634bbda8a,scene-0796,1538448748046797,0.010762863720632494,-0.07142236762640185
fe2a163b8948451b95fa48e21e1988ce,c5224b9b454b4ded9b5d2d2634bbda8a,scene-0796,1538448748546039,-0.00029088820866545704,-0.04052193189065631
3a7aa284dd9d485d8effc20db8cda140,c5224b9b454b4ded9b5d2d2634bbda8a,scene-0796,1538448749046198,0.0026179938779917586,-0.03999704630242122
f218a2b4fa6941f7ac3798adc72126e8,c5224b9b454b4ded9b5d2d2634bbda8a,scene-0796,1538448749546494,0.0046542113386526035,-0.04470535012888851
17723c0411434e48875a93de4db0ecba,c5224b9b454b4ded9b5d2d2634bbda8a,scene-0796,1538448750046167,0.0046542113386526035,-0.0210026006838358
7fd597745c26471ab336b3dd41a5f6dc,c5224b9b454b4ded9b5d2d2634bbda8a,scene-0796,1538448750546502,-0.0026179938779904363,-0.012821905249744516
19f02e3faab4412988f28d419e1727fa,c5224b9b454b4ded9b5d2d2634bbda8a,scene-0796,1538448751046218,0.008435758051306192,0.006210883926837497
312cd4d3bef1476a9211d3dab50dd0b7,c5224b9b454b4ded9b5d2d2634bbda8a,scene-0796,1538448751545746,0.012508192972626557,-0.021511747793374593
4aaaf68b9f9f45968a4e862eb03e17ea,c5224b9b454b4ded9b5d2d2634bbda8a,scene-0796,1538448752050722,0.006399540590646669,-0.01694260929449586
639a4120779f44bb9cf41be3e8612e36,c5224b9b454b4ded9b5d2d2634bbda8a,scene-0796,1538448752550881,0.002908882086657216,-0.01110358660272401
b2f333255d574bebb6f170beaab6a824,c5224b9b454b4ded9b5d2d2634bbda8a,scene-0796,1538448753050837,-0.00349065850398813,-0.02406818914921838
0106a9b8e65f4ad1867b44591aeed8b0,c5224b9b454b4ded9b5d2d2634bbda8a,scene-0796,1538448753550372,-0.00029088820866545704,-0.016657553678624867
4786b3c0d0a24c8b86b0676d32dd5919,c5224b9b454b4ded9b5d2d2634bbda8a,scene-0796,1538448754045763,-0.0031997702953226732,-0.02089192821221654
4ee219c4638949de9d994bc792fd0a69,c5224b9b454b4ded9b5d2d2634bbda8a,scene-0796,1538448754548927,0.0017453292519953878,-0.007287831428866807
ac9af15d1aba4f5786877dde9f0b1c93,c5224b9b454b4ded9b5d2d2634bbda8a,scene-0796,1538448755049991,0.002908882086657216,0.005818740190403329
61d47d1198184bfdaa6777e9448d825d,c5224b9b454b4ded9b5d2d2634bbda8a,scene-0796,1538448755550434,0.006108652381981212,-0.007122974464743517
f1fd429830e3437db4ba03ba851f0015,c5224b9b454b4ded9b5d2d2634bbda8a,scene-0796,1538448756050501,0.00727220521664304,-0.009170744949068076
7df1288fed8a403b8e7a35112b392d7c,c5224b9b454b4ded9b5d2d2634bbda8a,scene-0796,1538448756549898,0.0023271056693263017,-0.021260613296023696
264c5f3a04744d53a72fd07c1bb6a724,c5224b9b454b4ded9b5d2d2634bbda8a,scene-0796,1538448757050118,-0.0031997702953226732,-0.00861098266657966
bc0040070bcc4233a057bb293f5f6444,c5224b9b454b4ded9b5d2d2634bbda8a,scene-0796,1538448757550194,-0.004363323129985824,-0.005518167991912615
269ccf1fe399403c914e1f649d2a8ca2,c5224b9b454b4ded9b5d2d2634bbda8a,scene-0796,1538448758050044,-0.00349065850398813,-0.003196036000053127
59b32981037042eda1fed3c1026fbaba,c5224b9b454b4ded9b5d2d2634bbda8a,scene-0796,1538448758549776,-0.002327105669324979,0.02391258685020157
1dba6570f0774b5cb87de6694bb338c0,c5224b9b454b4ded9b5d2d2634bbda8a,scene-0796,1538448759050134,-0.001454441043328608,0.042885973252910145
3e7ed5cf0b4541e4a0e1b109dfea89cf,c5224b9b454b4ded9b5d2d2634bbda8a,scene-0796,1538448759549710,-0.001454441043328608,0.04876177355683289
be1494c7762c43ca88010f366997a586,c5224b9b454b4ded9b5d2d2634bbda8a,scene-0796,1538448760049924,-0.001454441043328608,0.0402598962168491
b422bd971acf483592e367c2c5057a60,c5224b9b454b4ded9b5d2d2634bbda8a,scene-0796,1538448760550229,0.0037815467126549097,0.01740938380257197
fa51f1910942494cbe396640010fea64,c5224b9b454b4ded9b5d2d2634bbda8a,scene-0796,1538448761049229,0.003490658503989453,0.002762795032429121
26e594c412e84bdda76e344933fe305a,c5224b9b454b4ded9b5d2d2634bbda8a,scene-0796,1538448761549242,0.004945099547318061,0.00015768654069296445
78e778e7e6c84dc59c0436a4d6ff5032,c5224b9b454b4ded9b5d2d2634bbda8a,scene-0796,1538448762049109,-0.001745329251994065,-0.003351244079034866
9966278ad296494598a9e5fba07926e0,c5224b9b454b4ded9b5d2d2634bbda8a,scene-0796,1538448762544695,0.002036217460660845,-0.004224126277175845
225aa2795d63442ebc496cd0c49d3bdb,c5224b9b454b4ded9b5d2d2634bbda8a,scene-0796,1538448763049014,-0.000872664625996371,-0.0026445383107892256
de9432d4fc7a4e5a985e2bc628eb614c,c5224b9b454b4ded9b5d2d2634bbda8a,scene-0796,1538448763549299,-0.0005817764173309141,-0.006435245578593683
63c24b51feb94f14bec29022dae4975d,c5224b9b454b4ded9b5d2d2634bbda8a,scene-0796,1538448764049131,-0.002327105669324979,-0.010864438397577805
b5989651183643369174912bc5641d3b,325cef682f064c55a255f2625c533b75,scene-0916,1538984233550028,-0.5608324663075105,0.007004907045594774
0bb62a68055249e381b039bf54b0ccf8,325cef682f064c55a255f2625c533b75,scene-0916,1538984234049539,-0.5608324663075105,-0.013261942552210613
07fad91090c746ccaa1b2bdb55329e20,325cef682f064c55a255f2625c533b75,scene-0916,1538984234550080,-0.5567600313861901,-0.03263191141665398
ae5004bf4ebb4db0a84cb3c27bd398d1,325cef682f064c55a255f2625c533b75,scene-0916,1538984234949997,-0.5151630175469927,-0.01220470837835914
ac8b4d49731d43289579f014cb7c97ef,325cef682f064c55a255f2625c533b75,scene-0916,1538984235449998,-0.42847833136460706,0.017920386998203704
c1eed31234b94e9f8e22fbf3428b0ac2,325cef682f064c55a255f2625c533b75,scene-0916,1538984235944713,-0.3348123281742453,0.01465958945108849
edba7d0cf1c64d2a9c8a5ebddab507a9,325cef682f064c55a255f2625c533b75,scene-0916,1538984236449525,-0.1966404290580275,0.024723862002397467
a5afebb0aa5e4d7c95665788ce51ec58,325cef682f064c55a255f2625c533b75,scene-0916,1538984236950928,-0.08668468618238424,0.016295065629296814
5b7cb170eee6468aa1fdbd3abcf63c5a,325cef682f064c55a255f2625c533b75,scene-0916,1538984237449534,-0.07388560500109223,-0.013306861739878236
d8251bbc2105497ab8ec80827d4429aa,325cef682f064c55a255f2625c533b75,scene-0916,1538984237949064,-0.07417649320975901,-0.03881800869517662
048a45dd2cf54aa5808d8ccc85731d44,325cef682f064c55a255f2625c533b75,scene-0916,1538984238449191,-0.11402817779696234,-0.04955547621263863
858a1ece22cf45d9bc71e42336604b78,325cef682f064c55a255f2625c533b75,scene-0916,1538984238948728,-0.18471401250273323,-0.06406405718894895
372725a4b00e49c78d6d0b1c4a38b6e0,325cef682f064c55a255f2625c533b75,scene-0916,1538984239448998,-0.25947228212982315,-0.08690416403901488
61a7bd24f88a46c2963280d8b13ac675,325cef682f064c55a255f2625c533b75,scene-0916,1538984239948976,-0.4142248091399865,-0.07924501882576604
609d5177362340458a3bfd4949cd1e64,325cef682f064c55a255f2625c533b75,scene-0916,1538984240449373,-0.5634504601855023,-0.09277982931049429
b1303058fa624645b753d7283d70de45,325cef682f064c55a255f2625c533b75,scene-0916,1538984240948847,-0.6259914250486324,-0.07457923563089042
a19a80c905674faab7203a3a4e0f5246,325cef682f064c55a255f2625c533b75,scene-0916,1538984241448422,-0.7132578876483487,-0.052324707594322194
b6c420c3a5bd4a219b1cb82ee5ea0aa7,325cef682f064c55a255f2625c533b75,scene-0916,1538984241948472,-0.7932521450314223,0.022318258656883617
8092909473464f80b9f791a4d31ddcb8,325cef682f064c55a255f2625c533b75,scene-0916,1538984242448530,-0.697259036171734,0.05007122600518147
e174cb43655f49dab7ffa27b973670e3,325cef682f064c55a255f2625c533b75,scene-0916,1538984242948349,-0.45902159327450787,0.0733440902394801
6ff9723a60bf4e14b328b3b19f04dc32,325cef682f064c55a255f2625c533b75,scene-0916,1538984243448796,-0.1460258807501917,0.07864257226457823
06be0e3b665c44fa8d17d9f4770bdf9c,325cef682f064c55a255f2625c533b75,scene-0916,1538984243948937,-0.023561944901923187,0.07440541137050924
9150678870764c1b87a649a25939c61b,325cef682f064c55a255f2625c533b75,scene-0916,1538984244448167,-0.004072434921319044,0.07385488204878257
8573a885a7cb41d185c05029eeb9a54e,325cef682f064c55a255f2625c533b75,scene-0916,1538984244947881,0.009890199094634799,0.07292325458755343
55c258972acb4300a3a6077a531ab050,325cef682f064c55a255f2625c533b75,scene-0916,1538984245448095,0.020362174606600513,0.07420322714930111
44237858a539457da65822bfcf58c414,325cef682f064c55a255f2625c533b75,scene-0916,1538984245948304,-0.018325957145939667,0.07179355538145735
8cd36e9531fb4eba8e6ac1d666c4641c,325cef682f064c55a255f2625c533b75,scene-0916,1538984246447925,-0.02385283311058864,0.06855387570424701
7bebe3c9be714f02837f8617c56df122,325cef682f064c55a255f2625c533b75,scene-0916,1538984246948218,-0.013671745807288386,0.07203600626823459
4b894442c95141f9affd731d9da7b43c,325cef682f064c55a255f2625c533b75,scene-0916,1538984247447944,-0.009890199094633475,0.06543400767691018
e00dc15130dc44e796687baadd076ae4,325cef682f064c55a255f2625c533b75,scene-0916,1538984247947564,-0.009017534468637104,0.02894907872841392
e63b83b436a0479db7362338cdfab118,325cef682f064c55a255f2625c533b75,scene-0916,1538984248447773,-0.004363323129985824,0.02469322613859611
c567f9b8e9f34817acdc9c49d791c557,325cef682f064c55a255f2625c533b75,scene-0916,1538984248947781,0.006690428799312125,0.01326823790645558
8e352d4a6c6f40c8ad4f10a3d2c3f158,325cef682f064c55a255f2625c533b75,scene-0916,1538984249447640,0.05555964785515388,-0.022241041457725118
841dd6709e9b4d7c9d6bf888f1fe6d7e,325cef682f064c55a255f2625c533b75,scene-0916,1538984249947167,0.14980742746284662,-0.03713275043149149
e54b784a608644a2804fcf800c7499f7,325cef682f064c55a255f2625c533b75,scene-0916,1538984250447742,0.2658718227204698,-0.046944498954086714
a1289b27ca1d41deb6fc982be9a3d03c,325cef682f064c55a255f2625c533b75,scene-0916,1538984250947284,0.39269908169872414,-0.018603166225172982
e6e877f31dd447199b56cae07f86daad,325cef682f064c55a255f2625c533b75,scene-0916,1538984251447609,0.5206898935116416,0.015060087320870361
cb4e6195faad467094fbd4d0a9e960e9,325cef682f064c55a255f2625c533b75,scene-0916,1538984251947238,0.7016223593017212,0.03943794219063053
7f594234e8034228b1a7d727f1981e09,325cef682f064c55a255f2625c533b75,scene-0916,1538984252446918,0.7295476273336302,0.049019236296680944
9cdbf5ff7f294549aea0a4307e5d104a,325cef682f064c55a255f2625c533b75,scene-0916,1538984252946891,0.7289658509162994,0.07890169021987029
b4ff30109dd14c89b24789dc5713cf8c,325cef682f064c55a255f2625c533b75,scene-0916,1538984253446810,0.632390965639279,0.0847522665926344
5998b71b64c146769bde1d5430741381,d25718445d89453381c659b9c8734939,scene-1077,1542800367952173,0.5049819302436938,0.028660997372443413
30aaef2c5ab44dc4afea271fe829b459,d25718445d89453381c659b9c8734939,scene-1077,1542800368451891,0.4901466316017409,0.07235588762328442
e8b1863300964b2481fee312496d06d8,d25718445d89453381c659b9c8734939,scene-1077,1542800368951549,0.3799000005174335,0.09773895716849232
f0c059b6d7b8438ea9f08de0a3c1fc1a,d25718445d89453381c659b9c8734939,scene-1077,1542800369451657,0.3121230478983198,0.11398747810608953
a63038dfb41843eb8a14485d90c2fa35,d25718445d89453381c659b9c8734939,scene-1077,1542800369951828,0.12188215943093761,0.13032569804122765
7220a2aaebf347cda4efedc88dcae96e,d25718445d89453381c659b9c8734939,scene-1077,1542800370451510,0.039560796378539195,0.13915199418972138
4cd162f9083b47d0acd83129a6539c01,d25718445d89453381c659b9c8734939,scene-1077,1542800370951613,0.012217304763961101,0.12501971242173252
c0f7a7d51fbe46f9be8ca098da06b7fb,d25718445d89453381c659b9c8734939,scene-1077,1542800371451825,0.009599310885969341,0.09661390697910828
1ddf7a48af3d43be8763f154974f09ce,d25718445d89453381c659b9c8734939,scene-1077,1542800371951799,0.009017534468638427,0.07837994206597965
3be9d2705879419f8f3afc08949dca57,d25718445d89453381c659b9c8734939,scene-1077,1542800372396233,0.002036217460660845,0.06025264772516512
ed2e7d24f2ad41abb3d37cd9a0ca8e89,d25718445d89453381c659b9c8734939,scene-1077,1542800372951249,0.0008726646259976939,0.06151828281819728
ca6000b81f2b4b598502b1e93e334a1d,d25718445d89453381c659b9c8734939,scene-1077,1542800373451274,0.00029088820866677987,0.057511353369463857
385d542a35384181bc1e69cfd2df0664,d25718445d89453381c659b9c8734939,scene-1077,1542800373951293,-0.0005817764173309141,0.029218457315719287
8c8755ebb0bf4c519416323acad6cea1,d25718445d89453381c659b9c8734939,scene-1077,1542800374451171,0.00029088820866677987,0.0319170087289172
384e26fb47f94faea344766bb26f987a,d25718445d89453381c659b9c8734939,scene-1077,1542800374951007,0.0008726646259976939,0.0029385904525415477
7f49d07afdf64212a4eea699cb5ab17c,d25718445d89453381c659b9c8734939,scene-1077,1542800375450533,0.002036217460660845,0.010833337144709881
2e96e4ef43624c3d9ae8fd5526444fa8,d25718445d89453381c659b9c8734939,scene-1077,1542800375950330,0.0023271056693263017,0.028173926792977887
7f87e737dad642d9aff78a7fe12ce194,d25718445d89453381c659b9c8734939,scene-1077,1542800376450854,-0.004654211338651281,0.02465356320180782
37bed8d646cd4f0f8eac519794dd8bd7,d25718445d89453381c659b9c8734939,scene-1077,1542800376950940,-0.0005817764173309141,0.011946396164373973
6d1d793b68b24165be5755a54054c82a,d25718445d89453381c659b9c8734939,scene-1077,1542800377450674,-0.00029088820866545704,0.004948342863190627
083240c8c70b44e4ac6fc7f267b1518f,d25718445d89453381c659b9c8734939,scene-1077,1542800377895795,-0.002036217460659522,0.019858262240200986
db0173c29e1e43d1b5535f48e541efdf,d25718445d89453381c659b9c8734939,scene-1077,1542800378395325,0.0008726646259976939,0.06627980300280198
d148d50ba9be44bcb2105d8da47425b4,d25718445d89453381c659b9c8734939,scene-1077,1542800378895388,0.0008726646259976939,0.06415394802732748
f2d48fe35d5646659dc339e1d36886f9,d25718445d89453381c659b9c8734939,scene-1077,1542800379394981,0.010471975511967034,0.051626518762868855
a32166aff42946d39455fcbe502a321a,d25718445d89453381c659b9c8734939,scene-1077,1542800379895286,0.011344640137963408,0.04060911510604111
7ca3502caf394d6d9c0a80b822b3ff48,d25718445d89453381c659b9c8734939,scene-1077,1542800380395277,0.010471975511967034,0.040885958442173964
5b77f438091b4d00a74d333ef2fe9033,d25718445d89453381c659b9c8734939,scene-1077,1542800380949825,0.017453292519943295,0.03609789553352445
29796060110c4163b07f06eff4af0753,d25718445d89453381c659b9c8734939,scene-1077,1542800381449715,0.017453292519943295,0.012878332960995798
7bf1cef0e253474e847ee4c2eb955901,d25718445d89453381c659b9c8734939,scene-1077,1542800381894925,0.017453292519943295,0.0033533937839496965
e10f8dcb73e646af840d9955a70a63d5,d25718445d89453381c659b9c8734939,scene-1077,1542800382394675,0.01308996938995747,0.0047748610033150635
17a9388ec4b04e028b4d07af2cc3a45c,d25718445d89453381c659b9c8734939,scene-1077,1542800382894736,0.012799081181292015,0.015678834917376795
1fc26189c2524ef396e5ce6cc210c1cd,d25718445d89453381c659b9c8734939,scene-1077,1542800383394797,0.008144869842640734,0.0037249731908507674
92594549844e4f7da7a0e73e92945b2b,d25718445d89453381c659b9c8734939,scene-1077,1542800383894445,0.008435758051306192,-0.013217133325439539
1923316323b44b86b3389178fb026db6,d25718445d89453381c659b9c8734939,scene-1077,1542800384394157,0.008435758051306192,0.006535481735207739
05e993bd780241aabaa30dd2a0473286,d25718445d89453381c659b9c8734939,scene-1077,1542800384949140,0.0037815467126549097,0.006644395823551634
64134c75d5f547fdb4a6862b192f06cd,d25718445d89453381c659b9c8734939,scene-1077,1542800385454263,-0.002908882086657216,0.00884452052289898
c69f16f8568a4479ab2f200c802309d9,d25718445d89453381c659b9c8734939,scene-1077,1542800385954563,-0.004363323129985824,0.019123870884141865
a401b5ee030547ab8678a563f13b4731,d25718445d89453381c659b9c8734939,scene-1077,1542800386394503,-0.01076286372063117,0.008382769480948274
cc0342fe162348dc9445493aab4b463e,d25718445d89453381c659b9c8734939,scene-1077,1542800386898891,-0.011053751929296626,0.011376425687476082
6a9eb66eaac44de69c19d24b9d76e598,d25718445d89453381c659b9c8734939,scene-1077,1542800387399330,-0.012217304763959777,0.013957641616677268
ee9b3f38dadd40588f43ba590c4751b9,d25718445d89453381c659b9c8734939,scene-1077,1542800387898620,-0.006690428799310803,0.006589052135585134
e6b0b282aa174a978272dc2d0a89d560,de7d80a1f5fb4c3e82ce8a4f213b450a,scene-1094,1542800847951192,-0.0340339204138889,0.053217485778483384
f77ef1c17cbf432587d705c88ce76b3b,de7d80a1f5fb4c3e82ce8a4f213b450a,scene-1094,1542800848450655,-0.0340339204138889,0.05344336936710016
77fc24547ab34182a945eecb825b6576,de7d80a1f5fb4c3e82ce8a4f213b450a,scene-1094,1542800848950495,-0.0340339204138889,0.12723977807583908
648fe1aeca944fb793b334cb6ee01854,de7d80a1f5fb4c3e82ce8a4f213b450a,scene-1094,1542800849450648,-0.03374303220522344,0.1371081299323574
1e0d1b76ea134c7db0592c4510f5e737,de7d80a1f5fb4c3e82ce8a4f213b450a,scene-1094,1542800849950349,-0.0340339204138889,0.14924077109205447
fb61d590dd1143ccb12ea56fbe9d9d07,de7d80a1f5fb4c3e82ce8a4f213b450a,scene-1094,1542800850450501,-0.02908882086657216,0.1620606290509442
3b594831ff7f4e27a9889c7b7d0d8e92,de7d80a1f5fb4c3e82ce8a4f213b450a,scene-1094,1542800850950447,-0.025307274153917248,0.13964200920616412
8178cfbc864e4cb0b6e35746b32bed9f,de7d80a1f5fb4c3e82ce8a4f213b450a,scene-1094,1542800851450403,0.0026179938779917586,0.06978493672773099
07c29094cb6144aa889c16c52f762d79,de7d80a1f5fb4c3e82ce8a4f213b450a,scene-1094,1542800851950426,0.02443460952792088,0.05579154008463533
a43568a562a043f38af0ec0b71520af7,de7d80a1f5fb4c3e82ce8a4f213b450a,scene-1094,1542800852450471,0.17744180728609016,-0.009573259248521985
d1136fce62f14400a069613e274f46f7,de7d80a1f5fb4c3e82ce8a4f213b450a,scene-1094,1542800852949911,0.4500040588058721,-0.029473155412416806
f65ffdc408fb4a0c8ef0d1614b47dce8,de7d80a1f5fb4c3e82ce8a4f213b450a,scene-1094,1542800853450179,0.7388560500109329,-0.02797217274185298
0915646e387b484785ae2b847ffdee2f,de7d80a1f5fb4c3e82ce8a4f213b450a,scene-1094,1542800853949641,0.904953217159061,0.031394525739604384
95c0a92d52584756832ec795d346e296,de7d80a1f5fb4c3e82ce8a4f213b450a,scene-1094,1542800854449688,0.9130980870017004,0.07016841773543331
9c7c7d5d109c40fcaecd3c422d37b4f6,de7d80a1f5fb4c3e82ce8a4f213b450a,scene-1094,1542800854949511,0.8482300164692452,0.11665232402744577
7d82aa0c679141d1a71733b85fdcd3ed,de7d80a1f5fb4c3e82ce8a4f213b450a,scene-1094,1542800855449686,0.6480989289072282,0.12013585339846773
07175443e8444b8c8c4802fd004e33c1,de7d80a1f5fb4c3e82ce8a4f213b450a,scene-1094,1542800855949351,0.268780704807127,0.12739953490255146
056becbc0d5a46da8d59eebddedb47bb,de7d80a1f5fb4c3e82ce8a4f213b450a,scene-1094,1542800856449455,0.10355620228499794,0.08656797738107766
3b594af1b130490989536590345c9dc9,de7d80a1f5fb4c3e82ce8a4f213b450a,scene-1094,1542800856949341,0.047705666221178604,0.0729110209609542
acf9fcbeb1e346b98640f694f15460e8,de7d80a1f5fb4c3e82ce8a4f213b450a,scene-1094,1542800857449275,0.06195918844579923,0.07847401229043215
0e837c21890a4515874247ceb3dbf5c3,de7d80a1f5fb4c3e82ce8a4f213b450a,scene-1094,1542800857894504,0.039269908169872414,0.10019657700261805
f5f955d2d7594fb4b18ef615b421c98e,de7d80a1f5fb4c3e82ce8a4f213b450a,scene-1094,1542800858394520,0.02414372131925542,0.1182944437203974
6cb024831cce4b6e8acf85afb7cece6e,de7d80a1f5fb4c3e82ce8a4f213b450a,scene-1094,1542800858894137,0.017744180728610077,0.11469774692460266
273c930b3f384bd58b2bbae02fe81d1e,de7d80a1f5fb4c3e82ce8a4f213b450a,scene-1094,1542800859454117,0.015417075059283773,0.10070068635095997
a84f43c4ef52461d940a6c7d0768b86f,de7d80a1f5fb4c3e82ce8a4f213b450a,scene-1094,1542800859949636,-0.004363323129985824,0.08896662405361791
8d7dcd1533704f5882a5afcb65509ed5,de7d80a1f5fb4c3e82ce8a4f213b450a,scene-1094,1542800860449014,0.0017453292519953878,0.05821508554486169
f90292e4cdf647e1a8842baabdaafcec,de7d80a1f5fb4c3e82ce8a4f213b450a,scene-1094,1542800860948867,-0.0011635528346618281,0.05515429330225533
98fa81992fb04e799c329eca220e7164,de7d80a1f5fb4c3e82ce8a4f213b450a,scene-1094,1542800861449040,0.00029088820866677987,0.062106174455789684
49dfd2f2fef447cc9b8dec3e17c1c919,de7d80a1f5fb4c3e82ce8a4f213b450a,scene-1094,1542800861948481,0.0008726646259976939,0.08717472234286024
c18d3bcc9297454ba52112c079cb756e,de7d80a1f5fb4c3e82ce8a4f213b450a,scene-1094,1542800862448871,0.001454441043328608,0.11297661492736347
9cc9718713c14974b5e3094e1c4eae1c,de7d80a1f5fb4c3e82ce8a4f213b450a,scene-1094,1542800862948562,0.0026179938779917586,0.11823377356851213
a5c0ec90615e42818962e4e002de0cef,de7d80a1f5fb4c3e82ce8a4f213b450a,scene-1094,1542800863448684,0.0026179938779917586,0.10532235909309154
3f2ddc9476eb475b8c46f777f508cedb,de7d80a1f5fb4c3e82ce8a4f213b450a,scene-1094,1542800863948113,0.0026179938779917586,0.10075227483055471
27749aa3de2545219186c61d4d415e1c,de7d80a1f5fb4c3e82ce8a4f213b450a,scene-1094,1542800864448351,0.0026179938779917586,0.10831176998132135
daae21dc94b74898a7362922e8792415,de7d80a1f5fb4c3e82ce8a4f213b450a,scene-1094,1542800864948239,0.0026179938779917586,0.10401065735193146
042f582eb2bb4231910918ba85f390d3,de7d80a1f5fb4c3e82ce8a4f213b450a,scene-1094,1542800865448083,-0.0031997702953226732,0.09139252582147896
fe40762a54e1414da73de751877ad576,de7d80a1f5fb4c3e82ce8a4f213b450a,scene-1094,1542800865948149,0.0008726646259976939,0.07091855628100963
0ee7e7691e3e4bd88d43150073906a4f,de7d80a1f5fb4c3e82ce8a4f213b450a,scene-1094,1542800866448182,0.004072434921320367,0.05737230868973684
b085cc54b9c6437db176033620d00529,de7d80a1f5fb4c3e82ce8a4f213b450a,scene-1094,1542800866948016,0.004072434921320367,0.04640288086751735
4e1d1031fe9f45f981a2f598365fc645,de7d80a1f5fb4c3e82ce8a4f213b450a,scene-1094,1542800867447469,0.005526875964648975,0.04976222433194248
a480496a5988410fbe3d8ed6c84da996,e233467e827140efa4b42d2b4c435855,scene-1100,1542800987958703,-0.8488117928865747,-0.048099158554944725
b993550e60054741983f8052ba97b0b0,e233467e827140efa4b42d2b4c435855,scene-1100,1542800988448611,-0.8488117928865747,-0.048353254701857945
61cfc5554a724824b0d34bddc147d890,e233467e827140efa4b42d2b4c435855,scene-1100,1542800988948283,-0.8488117928865747,-0.047955160483549995
dc4c80e8a1534ff8a3eb80307341161c,e233467e827140efa4b42d2b4c435855,scene-1100,1542800989447648,-0.8488117928865747,-0.04771432162616893
c36e8482feb041de9f081e76396cf4fe,e233467e827140efa4b42d2b4c435855,scene-1100,1542800989948040,-0.8488117928865747,-0.04816656739078544
c9e812f2705b4b198f4675dfaa33812d,e233467e827140efa4b42d2b4c435855,scene-1100,1542800990448215,-0.8488117928865747,-0.04723801824260399
eff61ec3657c4d1c9327e3fe6ca639d3,e233467e827140efa4b42d2b4c435855,scene-1100,1542800990948330,-0.8488117928865747,-0.04832591762790572
0a3abc33048d46f9bd78151d1df4b004,e233467e827140efa4b42d2b4c435855,scene-1100,1542800991448119,-0.8488117928865747,-0.048370355640022455
2c77ee386aa0444aaf27140fe6cc8364,e233467e827140efa4b42d2b4c435855,scene-1100,1542800991948016,-0.8488117928865747,-0.04743493974824793
4e169e93acb346d59de1af7f2b4882e1,e233467e827140efa4b42d2b4c435855,scene-1100,1542800992447932,-0.8491026810952403,-0.02565683745570857
b902d29df24c4efda414a9a88ed57031,e233467e827140efa4b42d2b4c435855,scene-1100,1542800992902946,-0.8488117928865747,-0.041439920318858306
3ff58ee0fc4748d9895300f02114aa56,e233467e827140efa4b42d2b4c435855,scene-1100,1542800993402828,-0.8488117928865747,-0.07984844732106672
7147d8d1b51b428fb408f34799325111,e233467e827140efa4b42d2b4c435855,scene-1100,1542800993902728,-0.8488117928865747,-0.05086607137367881
050b2d9c4bb647b7ab4ee94bdb538e1d,e233467e827140efa4b42d2b4c435855,scene-1100,1542800994402631,-0.8488117928865747,-0.04442938914500316
2690c36281244c06b709e9f4eeb1317a,e233467e827140efa4b42d2b4c435855,scene-1100,1542800994902614,-0.8491026810952403,-0.049943903406580566
99f903d3f74a4f76a05a4f1e10e49329,e233467e827140efa4b42d2b4c435855,scene-1100,1542800995402476,-0.8488117928865747,-0.04657935011049432
25a4a6aa9096458285cba35c950f2717,e233467e827140efa4b42d2b4c435855,scene-1100,1542800995901771,-0.8488117928865747,-0.020878095212337206
c631b61375a642b6b110f5bd5543ef7a,e233467e827140efa4b42d2b4c435855,scene-1100,1542800996447295,-0.8491026810952403,-0.03676591630367088
614c6962e44240b1b0ebb3eb351fe0eb,e233467e827140efa4b42d2b4c435855,scene-1100,1542800996947218,-0.8488117928865747,-0.09335692495719138
ace4b20b94cf47d0b68addac79fe68de,e233467e827140efa4b42d2b4c435855,scene-1100,1542800997447145,-0.8488117928865747,-0.04564164993634893
134ae8a8f5c340f9894a414fc0966af4,e233467e827140efa4b42d2b4c435855,scene-1100,1542800997947070,-0.8505571221385688,-0.009078577692500716
41550a1f0b0548e5823b14d95e807c7d,e233467e827140efa4b42d2b4c435855,scene-1100,1542800998401892,-0.8543386688512239,0.010302453102322171
36aa1c0eeb50457b97911c3bd742a730,e233467e827140efa4b42d2b4c435855,scene-1100,1542800998946176,-0.8543386688512239,-0.04418929814669698
26f99f91a8e14038bd52aee4d00df394,e233467e827140efa4b42d2b4c435855,scene-1100,1542800999446358,-0.8543386688512239,-0.09401781544052189
8e5512a630dc44c08d3e3f692b34f808,e233467e827140efa4b42d2b4c435855,scene-1100,1542800999946809,-0.8543386688512239,-0.11903610887616604
b4c279e61abf49bd871ff2ec4b13e115,e233467e827140efa4b42d2b4c435855,scene-1100,1542801000446681,-0.8549204452685547,-0.053753586781013704
9c93690fc9e24ebc90906ed922159d75,e233467e827140efa4b42d2b4c435855,scene-1100,1542801000946580,-0.8549204452685547,-0.04705168794974514
f2a6d0e38153467ba0d02706024e258d,e233467e827140efa4b42d2b4c435855,scene-1100,1542801001446500,-0.8549204452685547,-0.04269377689121691
93f4f8ac1145418cadcf14dfd2a9cf78,e233467e827140efa4b42d2b4c435855,scene-1100,1542801001946541,-0.8549204452685547,-0.04697683019083702
d61ef2ae3bd54793b8beec55061940f0,e233467e827140efa4b42d2b4c435855,scene-1100,1542801002445992,-0.8549204452685547,-0.044925228087055395
fc8ed14d78fa4879898315f5dee21d38,e233467e827140efa4b42d2b4c435855,scene-1100,1542801002945849,-0.8549204452685547,-0.045578749953210394
dc53cf076d114df7bb59c2a0b3bc3154,e233467e827140efa4b42d2b4c435855,scene-1100,1542801003445855,-0.8546295570598893,-0.045731384566926506
9bd27a83e6ee47f9aa372bbe8a8573c8,e233467e827140efa4b42d2b4c435855,scene-1100,1542801003945410,-0.8549204452685547,-0.04508185468500403
236f1ecb6ee7459d918cd011831674d6,e233467e827140efa4b42d2b4c435855,scene-1100,1542801004446133,-0.8549204452685547,-0.04569536716828766
8336b62c3f6f4bb988c3865cc5df4446,e233467e827140efa4b42d2b4c435855,scene-1100,1542801004945333,-0.8549204452685547,-0.0453407934492782
8cc06390249d4895b5b9b860f0952f24,e233467e827140efa4b42d2b4c435855,scene-1100,1542801005445698,-0.8546295570598893,-0.044983449449699814
d7cb9aa06de1442d8e2a22d562045cb4,e233467e827140efa4b42d2b4c435855,scene-1100,1542801005945651,-0.8549204452685547,-0.0456012569899565
4d4e4c0fd8ec49bdb12788e0a9ecbce3,e233467e827140efa4b42d2b4c435855,scene-1100,1542801006460542,-0.8549204452685547,-0.04568629430837353
0d6668bcb0644bbaaee81c17cc308845,e233467e827140efa4b42d2b4c435855,scene-1100,1542801006945438,-0.8549204452685547,-0.04598442662325499
abf3d91d3c28407e80e3334fe89c03cb,e233467e827140efa4b42d2b4c435855,scene-1100,1542801007445532,-0.8549204452685547,-0.04557977778674811
